"player_id","group","playtime","sessions","levels","friends","skill_score","spending","user_type"
1,"A",70.4,5,2,8,42.9,0,"Freemium"
2,"A",53.9,7,5,4,89.3,0,"Freemium"
3,"A",60.1,8,5,2,88.6,0,"Freemium"
4,"B",67.1,11,3,3,40.9,36.32,"Freemium"
5,"A",53.1,7,0,8,78.2,0,"Freemium"
6,"B",63.8,3,0,8,40.3,46.23,"Freemium"
7,"B",75.1,12,4,7,45.4,0,"Freemium"
8,"B",63,4,2,5,73.3,39.79,"Premium"
9,"A",34.6,7,4,3,49.8,0,"Freemium"
10,"A",53,5,1,7,70.8,0,"Freemium"
11,"B",70.4,6,6,2,46,39.21,"Freemium"
12,"B",71.2,10,4,2,61.8,0,"Freemium"
13,"B",71.2,13,6,4,58.1,0,"Freemium"
14,"A",38.1,10,6,5,88.1,0,"Freemium"
15,"B",68.7,7,4,7,85.1,0,"Freemium"
16,"A",64.7,11,7,6,93,0,"Freemium"
17,"B",77.8,11,4,4,73,0,"Freemium"
18,"A",52.8,9,4,5,90.4,0,"Freemium"
19,"A",51.8,9,7,3,42.2,0,"Freemium"
20,"A",69.9,9,3,5,65.8,0,"Freemium"
21,"A",38.3,12,6,2,96.5,29.58,"Freemium"
22,"B",60.6,7,3,3,69.4,34.37,"Freemium"
23,"A",59.6,5,1,8,60.8,46.67,"Premium"
24,"A",38.8,9,5,3,77.2,0,"Freemium"
25,"A",57.8,10,5,6,57.6,46.53,"Freemium"
26,"A",73.8,7,7,4,41,48.33,"Freemium"
27,"B",65,8,2,6,61.1,43.59,"Freemium"
28,"B",62.2,3,2,3,49.5,33.15,"Freemium"
29,"A",59.7,5,4,6,96.2,0,"Freemium"
30,"B",62.2,10,4,7,87.2,0,"Freemium"
31,"A",63.1,6,0,9,72.2,0,"Freemium"
32,"B",74,8,4,9,75.9,59.29,"Freemium"
33,"A",55,6,2,5,43,0,"Freemium"
34,"B",53.2,5,3,8,45.8,48.15,"Freemium"
35,"B",51.8,11,5,6,74.3,0,"Freemium"
36,"A",49.1,7,3,6,94.1,0,"Freemium"
37,"A",63,5,0,6,99.8,39.59,"Freemium"
38,"A",35.4,5,1,5,81.3,29.81,"Freemium"
39,"A",36.1,7,2,5,94,0,"Freemium"
40,"B",58.5,9,4,6,56.4,0,"Freemium"
41,"A",58.9,2,2,4,59.6,0,"Freemium"
42,"B",55.9,13,4,3,70.3,0,"Freemium"
43,"B",73.9,15,7,4,54.9,0,"Premium"
44,"A",58.3,11,7,5,71.6,0,"Freemium"
45,"A",53.3,7,7,5,77.5,0,"Freemium"
46,"A",63.2,12,6,5,63,0,"Freemium"
47,"A",58.9,10,4,4,68.8,0,"Freemium"
48,"B",60.5,8,5,1,65.6,0,"Freemium"
49,"A",57.3,12,6,3,66,0,"Freemium"
50,"A",61.5,10,6,10,66.5,0,"Freemium"
51,"B",68.6,11,9,6,41.4,0,"Freemium"
52,"A",48.4,5,2,2,84.7,0,"Freemium"
53,"A",63.6,3,2,6,87,43.17,"Freemium"
54,"A",66.5,7,1,0,90.5,0,"Freemium"
55,"A",57.8,8,2,3,73.2,0,"Freemium"
56,"B",66.4,15,6,5,82.6,47.61,"Freemium"
57,"B",64.2,11,5,4,83.9,0,"Freemium"
58,"A",76.6,8,2,5,97.6,0,"Freemium"
59,"B",67.8,11,8,6,64.3,0,"Freemium"
60,"A",53.4,8,2,5,84,0,"Freemium"
61,"A",29.9,4,1,6,78.3,31.36,"Freemium"
62,"B",49.3,11,3,5,77.6,37.38,"Freemium"
63,"B",64.2,9,4,8,78.3,0,"Freemium"
64,"A",57.1,6,2,2,88,28.42,"Freemium"
65,"A",57.8,3,3,7,66.4,46.33,"Freemium"
66,"B",73.2,10,1,6,66.8,0,"Freemium"
67,"A",53.1,8,3,9,71.6,0,"Freemium"
68,"A",67.1,12,5,8,86.1,0,"Freemium"
69,"A",45.8,7,6,2,92.3,0,"Freemium"
70,"A",42.9,6,1,3,98.7,25.66,"Freemium"
71,"B",52.7,10,3,6,59.6,0,"Freemium"
72,"A",62.4,9,8,6,65.1,0,"Freemium"
73,"A",54.2,10,5,10,98.3,0,"Freemium"
74,"A",62.9,6,5,4,91,0,"Freemium"
75,"A",52.3,5,2,9,90.9,0,"Freemium"
76,"B",59.1,13,10,5,70.6,0,"Freemium"
77,"B",61.3,16,8,4,60.9,46.28,"Freemium"
78,"A",36.5,12,3,7,53.6,0,"Freemium"
79,"B",53.3,12,10,5,97.2,50.48,"Freemium"
80,"B",50.6,8,7,5,92.3,0,"Freemium"
81,"B",75.5,13,7,6,92.9,55.24,"Freemium"
82,"B",59,8,4,10,80.6,57.99,"Freemium"
83,"A",62.9,10,6,5,97.7,46.56,"Premium"
84,"B",80.2,12,4,4,62.5,0,"Freemium"
85,"B",63.1,6,6,3,57.8,0,"Premium"
86,"B",67.8,13,7,8,97.7,0,"Freemium"
87,"A",37.5,8,6,4,82.9,0,"Freemium"
88,"A",46.8,10,5,4,41.9,0,"Freemium"
89,"B",65.6,9,5,8,68.3,0,"Freemium"
90,"A",58,11,8,4,68.5,0,"Freemium"
91,"B",57.4,12,5,10,57.9,59.21,"Freemium"
92,"B",91.8,6,1,4,65,43.53,"Premium"
93,"A",50.4,4,2,6,89.9,39.21,"Freemium"
94,"B",65.6,3,2,5,66.9,0,"Freemium"
95,"B",71.5,7,6,2,52.4,0,"Freemium"
96,"A",54.7,9,5,6,72.9,45.6,"Freemium"
97,"A",48.6,13,4,0,82.9,0,"Freemium"
98,"B",75.5,6,3,5,98.1,0,"Freemium"
99,"A",71.2,11,5,5,47.1,0,"Premium"
100,"A",54.7,7,3,6,41.1,0,"Freemium"
101,"A",60.6,7,1,4,60.5,0,"Freemium"
102,"B",64,15,5,3,91,0,"Freemium"
103,"B",75.2,11,6,3,95,0,"Freemium"
104,"A",43.4,11,7,4,53.4,39.21,"Freemium"
105,"B",88.2,11,8,2,41.8,47.95,"Freemium"
106,"B",59,6,2,6,89.6,0,"Freemium"
107,"A",40.4,5,3,8,63.6,0,"Freemium"
108,"A",51.5,11,6,7,59.6,0,"Freemium"
109,"A",56.5,6,0,4,46.8,31.24,"Freemium"
110,"B",81.2,11,4,6,88.3,0,"Freemium"
111,"B",74.1,10,4,3,62,0,"Freemium"
112,"B",66.4,6,1,6,64.7,0,"Freemium"
113,"B",51.1,9,7,7,52.7,0,"Freemium"
114,"A",46.3,8,4,7,56.2,44.58,"Freemium"
115,"A",53.4,6,5,7,83.6,48.41,"Freemium"
116,"B",90.5,8,3,6,46.6,0,"Freemium"
117,"B",46.4,8,3,6,71.7,0,"Freemium"
118,"B",76.3,5,1,4,49.6,38.88,"Freemium"
119,"A",49.7,12,8,4,49,0,"Freemium"
120,"B",81.7,10,6,4,61.5,49,"Freemium"
121,"A",43.6,8,4,4,89.1,0,"Freemium"
122,"B",66.4,6,3,6,69,45.71,"Freemium"
123,"A",44,7,5,6,60.3,0,"Freemium"
124,"A",64,9,4,4,81.8,40.29,"Freemium"
125,"A",69.8,5,1,4,48.2,0,"Freemium"
126,"B",84.5,9,3,5,68.2,47.94,"Premium"
127,"B",73,10,4,4,73.6,42.99,"Freemium"
128,"A",73.4,10,2,5,93.5,0,"Freemium"
129,"A",67.5,11,8,8,46.3,60.94,"Freemium"
130,"A",53.7,6,1,2,46.5,0,"Freemium"
131,"B",69.8,10,4,3,63.7,0,"Freemium"
132,"A",45.3,5,1,6,82.6,0,"Freemium"
133,"B",63.1,11,7,3,65.2,41.92,"Freemium"
134,"B",77.2,15,8,6,89.2,0,"Freemium"
135,"B",70.4,12,7,3,44.5,0,"Freemium"
136,"B",69.6,9,6,5,81.7,0,"Freemium"
137,"B",54.6,11,4,4,78.7,0,"Freemium"
138,"B",59,12,6,9,66.9,0,"Freemium"
139,"B",57.4,15,7,6,70.8,0,"Freemium"
140,"A",59,6,1,4,58.4,0,"Freemium"
141,"B",55.1,7,3,4,70.7,0,"Freemium"
142,"B",70.6,10,4,6,44.8,0,"Premium"
143,"B",53.8,19,13,3,95.2,0,"Freemium"
144,"A",73.3,7,7,6,43.7,0,"Freemium"
145,"B",69.6,11,10,4,91.1,0,"Freemium"
146,"B",58,16,10,7,85.5,0,"Freemium"
147,"B",67.4,11,4,6,42.6,0,"Freemium"
148,"A",51.5,8,5,6,62.5,0,"Freemium"
149,"B",68.7,7,5,4,41.9,43.4,"Freemium"
150,"B",67.4,11,8,4,43.9,0,"Freemium"
151,"A",44.9,4,4,8,42.5,0,"Freemium"
152,"B",57.1,10,5,6,81.8,46.32,"Freemium"
153,"A",58,9,3,4,67,0,"Freemium"
154,"B",81.4,13,9,5,87.1,0,"Freemium"
155,"A",65.8,11,7,4,73.2,0,"Freemium"
156,"A",48.8,14,5,5,40.9,40.63,"Freemium"
157,"A",63.3,8,6,6,51.1,0,"Freemium"
158,"A",54.5,10,4,7,98,0,"Freemium"
159,"A",58,8,3,3,47.5,33.59,"Freemium"
160,"A",57.6,4,1,7,93.5,0,"Freemium"
161,"A",80.8,8,7,3,67.4,47.23,"Freemium"
162,"B",53.1,16,8,5,46.2,0,"Freemium"
163,"B",66,13,6,6,71.9,0,"Freemium"
164,"B",47.2,8,5,4,52.6,36.95,"Freemium"
165,"A",60.9,7,1,1,40.3,24.66,"Freemium"
166,"B",76,9,2,8,75,0,"Freemium"
167,"A",69.5,10,2,2,89.8,0,"Freemium"
168,"A",35.7,8,5,5,78.5,0,"Freemium"
169,"B",69.1,9,6,7,98,0,"Freemium"
170,"A",70.9,8,4,4,47,0,"Freemium"
171,"B",60.9,12,7,5,78.2,0,"Freemium"
172,"B",62.9,11,7,3,55.7,41.86,"Freemium"
173,"B",64.6,9,5,4,40.2,0,"Freemium"
174,"B",68.7,6,5,5,99.9,0,"Freemium"
175,"A",61.7,8,4,6,65.6,46,"Freemium"
176,"A",68.2,12,6,6,89.5,0,"Freemium"
177,"A",54,3,1,8,56.2,0,"Freemium"
178,"B",67,14,5,3,95.1,0,"Freemium"
179,"B",89.9,12,5,7,49,59.36,"Freemium"
180,"B",69.3,8,1,2,52.8,0,"Freemium"
181,"B",66.9,8,3,5,94.4,42.66,"Freemium"
182,"A",41.6,6,4,5,62.8,36.77,"Freemium"
183,"A",55,6,1,6,43.9,38.89,"Freemium"
184,"A",52.8,7,3,3,45.3,0,"Freemium"
185,"A",54.9,3,2,5,56.4,37.36,"Premium"
186,"B",59.2,12,3,8,78.5,0,"Freemium"
187,"B",58.1,10,4,3,84.2,0,"Freemium"
188,"A",47.8,3,1,3,68.8,0,"Freemium"
189,"A",52.9,5,5,6,41.6,45.06,"Freemium"
190,"B",78.7,4,5,2,99.4,0,"Freemium"
191,"B",75.5,12,2,5,64.5,43.54,"Freemium"
192,"A",51.4,5,4,5,62.5,0,"Freemium"
193,"A",38.1,2,1,2,64.2,0,"Freemium"
194,"B",56.6,9,6,6,70.3,47.87,"Freemium"
195,"B",60.4,12,5,4,50.6,0,"Freemium"
196,"A",56,8,5,5,50.4,0,"Freemium"
197,"A",48.4,12,4,4,63.6,35.61,"Freemium"
198,"B",85.1,5,6,5,75.5,0,"Freemium"
199,"A",52.3,5,3,7,84.6,0,"Freemium"
200,"B",52.9,7,3,6,53,0,"Freemium"
201,"B",63.6,10,6,8,63.8,56.37,"Freemium"
202,"B",54.9,11,10,3,49,0,"Freemium"
203,"B",66.6,8,7,3,66.4,42.97,"Freemium"
204,"A",57.3,4,5,5,67.5,0,"Freemium"
205,"B",68.6,10,3,6,75.2,0,"Freemium"
206,"B",48.8,7,5,3,51,0,"Freemium"
207,"B",67.2,9,9,5,91.3,0,"Freemium"
208,"A",58.1,13,7,3,51.7,0,"Freemium"
209,"B",50.8,10,4,3,73.6,0,"Freemium"
210,"B",74.6,12,8,5,81.7,0,"Freemium"
211,"B",72.8,6,5,3,46.4,41.43,"Freemium"
212,"A",78,5,1,6,91.7,0,"Freemium"
213,"A",56.6,9,6,2,99,0,"Freemium"
214,"B",65.5,12,5,3,88.5,0,"Freemium"
215,"B",66,6,6,7,78.5,53.89,"Freemium"
216,"B",65.7,3,2,2,69.9,0,"Freemium"
217,"B",46.5,10,6,6,87.2,0,"Freemium"
218,"A",38.3,8,4,3,72.2,0,"Freemium"
219,"B",64.2,8,1,3,74.4,0,"Freemium"
220,"A",49.2,9,6,1,53.5,0,"Freemium"
221,"B",65.5,12,10,4,81.6,0,"Freemium"
222,"A",33.9,7,3,5,77,0,"Freemium"
223,"A",40,8,4,3,52.2,0,"Freemium"
224,"A",44,5,2,6,90.5,0,"Freemium"
225,"B",74.9,7,3,5,46.7,0,"Freemium"
226,"B",54,7,2,9,49.9,0,"Freemium"
227,"A",47,8,6,9,93.5,54.59,"Freemium"
228,"A",55.8,7,5,3,90.5,0,"Freemium"
229,"B",61.8,8,5,5,58.4,44.53,"Freemium"
230,"A",56.5,4,4,4,55.5,38.04,"Freemium"
231,"A",78.1,10,4,7,71.6,0,"Freemium"
232,"B",53.8,15,4,5,80,0,"Freemium"
233,"B",61.9,8,7,10,90,0,"Freemium"
234,"A",49.8,6,1,5,45,0,"Freemium"
235,"B",80.1,8,4,11,52.3,0,"Freemium"
236,"B",57.3,11,8,3,74.1,0,"Freemium"
237,"B",64.2,9,4,2,84,33.95,"Freemium"
238,"B",72.9,11,9,7,94.3,61.06,"Freemium"
239,"B",54.4,15,3,4,57.5,0,"Freemium"
240,"A",71.6,8,4,4,68.1,42.57,"Freemium"
241,"A",61.8,7,6,6,57,0,"Freemium"
242,"B",54.3,9,6,7,43.4,0,"Freemium"
243,"A",59.5,9,5,6,55.8,0,"Freemium"
244,"B",62.9,9,6,2,96.9,0,"Freemium"
245,"A",58.1,10,6,5,94,45.12,"Freemium"
246,"A",54.1,10,5,4,52.3,39.02,"Freemium"
247,"A",65.7,8,0,8,94.4,0,"Freemium"
248,"B",51.5,9,6,6,49.8,0,"Freemium"
249,"B",59.8,11,7,4,95,44.13,"Freemium"
250,"B",62.5,5,2,4,56.1,0,"Freemium"
251,"A",45,5,1,5,83.2,0,"Freemium"
252,"B",54.6,8,4,4,49.6,37.47,"Freemium"
253,"B",64.8,6,2,6,40.8,0,"Freemium"
254,"A",53.7,4,3,3,74.7,0,"Freemium"
255,"A",29.5,9,4,7,83.1,0,"Freemium"
256,"A",65.4,10,8,5,77.8,0,"Freemium"
257,"A",57.5,8,2,9,98.4,0,"Freemium"
258,"A",79.2,8,3,8,61.5,0,"Freemium"
259,"B",71.9,12,10,5,74.1,56.06,"Freemium"
260,"A",50.5,11,3,3,87.7,31.34,"Freemium"
261,"B",93,10,3,3,41.7,0,"Freemium"
262,"B",93.3,7,6,5,80.3,0,"Freemium"
263,"B",52.8,5,2,5,92.8,0,"Freemium"
264,"A",59.7,5,0,4,46,32.2,"Freemium"
265,"B",62.9,13,9,3,80.1,45.26,"Freemium"
266,"A",56.9,7,3,8,84.7,0,"Freemium"
267,"B",67.3,10,3,7,57.1,0,"Freemium"
268,"A",42.4,10,5,10,45.8,54.71,"Premium"
269,"A",57.9,9,3,3,45.5,33.56,"Freemium"
270,"A",72.5,5,1,6,68,44.14,"Freemium"
271,"A",53.4,9,5,11,63.1,0,"Freemium"
272,"A",53.4,9,5,5,63.5,0,"Freemium"
273,"A",69,7,4,7,81.5,0,"Freemium"
274,"B",74,11,6,8,52.7,0,"Freemium"
275,"A",38.5,6,2,4,44.8,0,"Freemium"
276,"B",67.3,14,10,4,92.2,0,"Freemium"
277,"A",71.5,12,6,3,64.6,0,"Freemium"
278,"A",69.2,11,2,5,70.6,0,"Freemium"
279,"A",59.2,7,4,7,83.5,0,"Freemium"
280,"A",62.2,7,3,7,81.9,0,"Freemium"
281,"B",53,10,6,8,51,0,"Freemium"
282,"B",68,5,3,5,68.9,0,"Freemium"
283,"A",45.5,4,0,1,86.6,0,"Freemium"
284,"A",50.4,14,5,4,51.3,0,"Freemium"
285,"A",64.4,7,2,10,76,0,"Freemium"
286,"B",53.6,14,9,5,83.2,0,"Freemium"
287,"B",67.7,9,5,4,79.4,0,"Freemium"
288,"B",69.3,7,7,4,52.8,46.98,"Freemium"
289,"A",55.5,6,3,3,73.5,0,"Freemium"
290,"B",83.2,16,9,10,88.1,73.75,"Premium"
291,"A",44.8,8,6,5,42.5,0,"Freemium"
292,"A",61.1,9,7,4,99.5,0,"Freemium"
293,"A",54.1,6,3,4,96.7,0,"Freemium"
294,"A",52.4,8,6,7,78.1,0,"Freemium"
295,"A",59.6,11,6,8,68.7,55.17,"Freemium"
296,"B",54.8,9,5,5,85,42.43,"Freemium"
297,"B",51.9,8,2,6,98.9,39.66,"Freemium"
298,"B",60.1,4,2,8,80.1,0,"Freemium"
299,"A",72.5,7,4,3,60.1,39.64,"Freemium"
300,"A",55.6,5,3,7,93.7,0,"Freemium"
301,"B",68.3,14,5,7,65.6,0,"Freemium"
302,"B",63.1,12,7,3,46.3,0,"Freemium"
303,"A",59.7,6,4,4,92.8,0,"Freemium"
304,"B",55.5,17,9,5,50.2,49.44,"Freemium"
305,"A",66.6,9,3,5,96.8,42.57,"Freemium"
306,"A",60.8,6,5,5,71.8,0,"Freemium"
307,"B",56.9,5,2,5,54.9,0,"Freemium"
308,"A",55.5,10,5,6,68.6,0,"Freemium"
309,"A",62.2,6,2,5,61.5,0,"Freemium"
310,"A",60.6,7,5,5,47.5,0,"Freemium"
311,"B",79.8,15,6,3,60.4,45.23,"Freemium"
312,"A",48.9,14,7,6,42.4,47.26,"Freemium"
313,"B",76.2,13,5,9,87.1,0,"Freemium"
314,"A",65.4,5,0,5,59.1,0,"Freemium"
315,"B",63.4,8,4,3,82.8,0,"Freemium"
316,"B",55.2,11,2,7,97,0,"Freemium"
317,"B",54.1,16,7,3,58.1,0,"Freemium"
318,"B",69.6,9,4,6,99.3,48.37,"Freemium"
319,"A",54.3,6,2,2,49.4,0,"Freemium"
320,"A",72.8,6,3,2,87.9,0,"Freemium"
321,"A",60.4,11,4,6,73.6,0,"Freemium"
322,"B",61.3,11,5,5,43.2,0,"Freemium"
323,"A",44.7,6,1,3,68.5,0,"Freemium"
324,"A",49.2,9,6,4,86.4,39.25,"Freemium"
325,"B",68.4,10,7,4,89.6,0,"Freemium"
326,"A",50.5,6,2,8,57.7,0,"Freemium"
327,"A",60.1,11,7,5,44.8,47.42,"Freemium"
328,"B",61.7,12,6,3,73.1,39.8,"Freemium"
329,"A",53.9,10,3,4,82.1,35.56,"Freemium"
330,"B",57.7,14,7,1,85.1,0,"Freemium"
331,"B",84.1,6,2,4,90.3,0,"Freemium"
332,"B",68.3,7,0,6,97.1,0,"Freemium"
333,"A",57.3,7,4,5,80.3,0,"Freemium"
334,"A",38.1,4,3,7,73.2,0,"Freemium"
335,"A",61.6,11,4,7,49.9,0,"Freemium"
336,"A",44.8,7,2,6,54.5,0,"Freemium"
337,"B",56.1,7,1,10,46,0,"Freemium"
338,"A",64.2,6,0,8,86.7,0,"Freemium"
339,"A",50.5,4,0,3,90.9,26.24,"Freemium"
340,"A",37.5,9,4,7,87.6,0,"Freemium"
341,"A",72.7,11,5,7,98.8,0,"Freemium"
342,"B",41.2,7,2,3,89,26.85,"Freemium"
343,"B",70.7,12,5,7,46.9,0,"Freemium"
344,"A",65.2,6,3,7,92.4,0,"Freemium"
345,"B",58.7,8,5,0,79.2,0,"Freemium"
346,"A",59.4,3,1,4,76.8,33.81,"Freemium"
347,"A",59.4,7,3,5,49,40.41,"Freemium"
348,"A",65.4,9,3,7,50.4,0,"Freemium"
349,"B",69.8,10,6,6,51.5,0,"Freemium"
350,"A",52.6,8,3,7,73.2,0,"Freemium"
351,"A",64.2,8,1,9,86.9,0,"Freemium"
352,"A",63,11,8,5,42.3,0,"Freemium"
353,"B",55.6,8,2,2,49.1,0,"Freemium"
354,"A",41,11,6,7,92.5,46.39,"Freemium"
355,"A",56.6,10,7,4,48.7,0,"Freemium"
356,"B",62.3,13,7,4,81.6,0,"Freemium"
357,"A",45.1,2,0,1,90.4,18.22,"Freemium"
358,"A",55.8,8,7,7,85.5,0,"Freemium"
359,"A",41.8,11,4,6,58.9,40.03,"Freemium"
360,"B",66.6,9,2,1,73.8,0,"Premium"
361,"B",58.8,9,6,8,64.1,0,"Freemium"
362,"A",64.6,8,5,3,40.5,0,"Freemium"
363,"A",79.2,5,4,5,69.6,0,"Freemium"
364,"A",45.8,8,2,5,56.3,0,"Freemium"
365,"B",75.6,8,3,6,55.7,0,"Freemium"
366,"A",63.3,12,11,4,89.6,0,"Freemium"
367,"B",64.3,10,5,3,83.9,38.88,"Freemium"
368,"A",50.5,4,4,0,63.5,0,"Freemium"
369,"B",80.8,11,5,7,68.9,0,"Premium"
370,"A",34.9,3,1,3,87.9,0,"Freemium"
371,"A",48.6,3,3,5,69.4,37.17,"Freemium"
372,"A",40.6,8,2,9,50.5,45.87,"Premium"
373,"B",79,12,3,5,87.7,0,"Freemium"
374,"B",63.1,8,2,2,76.1,30.22,"Freemium"
375,"A",49.8,7,5,5,73.6,40.93,"Freemium"
376,"A",86.8,5,4,5,57.5,50.33,"Freemium"
377,"B",64.5,10,5,6,80.2,48.54,"Freemium"
378,"A",50.6,10,4,4,55.5,0,"Freemium"
379,"A",58,4,3,6,44.8,0,"Freemium"
380,"B",49.3,14,5,5,65.6,0,"Freemium"
381,"A",59.9,5,2,7,68.3,0,"Freemium"
382,"B",64,13,6,4,97.4,0,"Freemium"
383,"B",69.7,8,7,7,62.4,0,"Freemium"
384,"B",55.2,9,6,5,74.1,0,"Freemium"
385,"B",54.8,14,5,9,80,0,"Freemium"
386,"B",58.1,12,7,5,75.3,46.82,"Freemium"
387,"B",57.3,8,2,7,73.5,0,"Freemium"
388,"B",78,8,3,1,96.7,0,"Freemium"
389,"B",80.8,11,7,5,72.1,0,"Freemium"
390,"A",53.4,17,4,5,63.2,0,"Freemium"
391,"B",61.4,11,6,1,67.4,0,"Freemium"
392,"A",51.7,9,3,5,81.9,0,"Freemium"
393,"A",55.7,7,2,5,42.5,0,"Freemium"
394,"A",56,10,1,6,54.1,0,"Freemium"
395,"A",57.9,7,4,2,86.7,0,"Freemium"
396,"A",47.5,6,1,8,88.1,0,"Freemium"
397,"A",46.5,4,5,7,62.5,0,"Freemium"
398,"A",67,8,5,5,45.3,46.09,"Freemium"
399,"B",59.5,13,5,3,63.3,0,"Freemium"
400,"B",68,7,4,5,68.7,44.69,"Freemium"
401,"A",54.4,7,4,4,51.9,0,"Freemium"
402,"A",45.4,10,7,2,92.2,0,"Freemium"
403,"A",60.9,5,5,7,76.8,0,"Freemium"
404,"A",56.7,8,2,5,94.6,0,"Freemium"
405,"A",69,8,5,3,94.9,0,"Freemium"
406,"A",56.2,11,4,2,67.9,0,"Freemium"
407,"B",61.7,8,4,6,66.6,0,"Freemium"
408,"A",57.8,7,6,10,40.5,61.03,"Freemium"
409,"B",53.1,11,8,2,78.4,37.42,"Freemium"
410,"A",46.6,9,2,4,97,0,"Freemium"
411,"B",70.1,11,4,2,44.5,0,"Freemium"
412,"B",61.7,9,1,6,56,0,"Freemium"
413,"B",64.3,8,5,6,50.6,48.48,"Freemium"
414,"B",63.8,7,5,6,85.8,0,"Freemium"
415,"B",58.5,8,5,6,57.8,46.74,"Freemium"
416,"A",34.8,10,6,2,42.7,0,"Freemium"
417,"B",68.5,7,4,5,89.4,0,"Freemium"
418,"A",62.6,5,2,6,59.7,0,"Freemium"
419,"A",42.1,5,1,3,73.2,0,"Freemium"
420,"A",69.8,15,7,3,96.9,0,"Freemium"
421,"A",58.9,14,12,6,69.4,58.76,"Freemium"
422,"A",68.4,10,6,6,78.1,0,"Freemium"
423,"A",45.4,3,1,8,59.3,0,"Freemium"
424,"A",56.7,14,8,4,78.1,44.9,"Freemium"
425,"A",54,10,4,4,44,0,"Freemium"
426,"A",62.7,11,8,3,88.9,0,"Freemium"
427,"B",59.2,7,5,7,79.6,50.15,"Freemium"
428,"B",64.9,8,0,6,45.2,0,"Freemium"
429,"A",37.2,4,1,7,90.7,0,"Freemium"
430,"A",47.2,12,3,6,70.8,0,"Freemium"
431,"A",56.3,10,5,5,63.5,0,"Freemium"
432,"B",57.9,13,6,4,81,0,"Freemium"
433,"B",64.6,8,6,5,58.4,0,"Freemium"
434,"A",50.3,5,0,3,92.3,0,"Freemium"
435,"B",71.1,6,0,4,54.3,0,"Freemium"
436,"A",66.7,11,5,5,52.5,0,"Freemium"
437,"B",56.8,5,1,3,51,0,"Freemium"
438,"A",51.9,6,5,5,75.6,41.56,"Freemium"
439,"B",79.4,11,5,4,85.5,46.61,"Freemium"
440,"A",33,4,1,7,84.8,35.49,"Freemium"
441,"A",51.8,7,3,1,99.4,0,"Freemium"
442,"A",75.6,9,6,3,100,43.97,"Freemium"
443,"B",86.9,12,9,5,42.8,0,"Freemium"
444,"B",66.6,13,9,5,96.6,52.77,"Freemium"
445,"A",46.4,7,4,8,92.1,0,"Freemium"
446,"B",66.7,9,5,11,40.5,0,"Freemium"
447,"B",58.5,8,5,6,67.2,0,"Freemium"
448,"B",79.5,7,8,2,70.4,0,"Freemium"
449,"B",56.9,8,2,8,62.5,0,"Premium"
450,"B",68.7,10,6,6,74.5,0,"Freemium"
451,"B",71.2,7,3,5,73,0,"Freemium"
452,"A",47.4,10,7,6,87.6,0,"Freemium"
453,"B",73.5,10,9,1,67.4,0,"Freemium"
454,"B",57.5,14,3,4,54.5,0,"Freemium"
455,"B",71.3,14,4,4,68.8,0,"Freemium"
456,"A",66,4,1,3,90.4,0,"Freemium"
457,"B",55.1,10,5,4,99.5,0,"Freemium"
458,"B",76.1,9,3,2,54.7,35.82,"Freemium"
459,"A",50.1,8,3,7,77.4,0,"Freemium"
460,"B",67.9,13,5,2,67.5,0,"Freemium"
461,"B",67,9,9,6,90.9,0,"Freemium"
462,"A",50.7,11,4,4,83.6,36.3,"Freemium"
463,"B",67.7,10,5,9,51.5,0,"Premium"
464,"A",42.7,8,4,8,56.3,0,"Freemium"
465,"A",53.6,7,6,4,50.3,0,"Freemium"
466,"B",73.3,12,5,5,72,0,"Freemium"
467,"B",43.3,13,4,7,60,0,"Freemium"
468,"A",40.1,13,9,9,96.6,0,"Freemium"
469,"B",53.4,9,7,4,97.8,0,"Freemium"
470,"A",39.1,7,0,4,59.3,0,"Freemium"
471,"A",59.2,7,3,4,80.6,37.15,"Freemium"
472,"A",45.1,5,2,6,47.4,37.62,"Freemium"
473,"B",43.4,11,5,6,82.6,0,"Freemium"
474,"B",58.6,10,4,5,85.9,0,"Freemium"
475,"A",51.1,5,1,3,59.9,28.12,"Freemium"
476,"A",63.6,7,6,6,53,0,"Freemium"
477,"A",44,9,4,7,67,0,"Freemium"
478,"A",66.6,9,4,5,63.7,44.27,"Freemium"
479,"B",69,7,2,6,74.5,0,"Freemium"
480,"A",58.6,6,5,7,81.7,0,"Freemium"
481,"B",56.5,12,5,5,43.6,0,"Freemium"
482,"B",84.5,7,4,5,80.7,0,"Freemium"
483,"B",63.4,6,5,3,89.1,38.61,"Freemium"
484,"B",46.8,10,4,7,92.9,44.73,"Freemium"
485,"A",53,9,1,3,45.2,0,"Freemium"
486,"B",45.7,12,6,6,54.9,0,"Freemium"
487,"B",61.9,13,4,0,90.2,0,"Freemium"
488,"A",50.8,6,6,5,62.5,0,"Freemium"
489,"B",71.8,13,8,6,74.4,55.83,"Freemium"
490,"B",75.1,14,7,5,55.3,0,"Freemium"
491,"A",47.7,9,4,4,41.1,35.4,"Freemium"
492,"B",73.1,10,6,2,66.1,0,"Freemium"
493,"A",69.2,8,7,4,94.4,0,"Freemium"
494,"B",57.2,10,5,3,98.6,0,"Freemium"
495,"B",58.5,10,7,7,67.2,53.34,"Freemium"
496,"B",71.5,11,6,4,68.5,0,"Freemium"
497,"B",66.8,10,8,11,85.4,0,"Freemium"
498,"A",60.5,10,10,7,69.3,0,"Freemium"
499,"A",69,11,3,5,88.8,0,"Freemium"
500,"A",58.9,7,1,7,81.7,43.26,"Freemium"
501,"B",75.5,9,0,5,96.2,0,"Freemium"
502,"B",71.2,9,5,3,46.7,0,"Freemium"
503,"B",69.3,10,4,7,86.5,0,"Freemium"
504,"B",68.9,9,7,4,89.8,36.32,"Freemium"
505,"A",67.9,8,0,9,73.3,0,"Freemium"
506,"A",45,9,5,9,68.6,46.23,"Freemium"
507,"A",43.9,9,5,5,47.3,0,"Freemium"
508,"A",60.9,12,3,2,54.4,39.79,"Premium"
509,"B",63.8,11,1,5,88.6,0,"Freemium"
510,"A",55.7,6,4,5,78.8,0,"Freemium"
511,"B",72.4,13,3,5,75.2,39.21,"Freemium"
512,"A",62.5,6,1,5,65.6,0,"Freemium"
513,"B",62.4,6,2,5,91.6,0,"Freemium"
514,"A",51.9,4,3,4,66.4,0,"Freemium"
515,"B",65.7,13,4,6,62.5,0,"Freemium"
516,"B",75.6,7,2,2,67.3,0,"Freemium"
517,"B",69.3,12,3,3,66.4,0,"Freemium"
518,"A",69.3,5,2,4,96.3,0,"Premium"
519,"B",64.9,12,4,4,60.4,0,"Freemium"
520,"B",76.3,7,6,12,57.4,0,"Freemium"
521,"B",73.8,13,7,2,61.7,29.58,"Freemium"
522,"B",71.1,12,10,5,89.8,34.37,"Premium"
523,"A",59.1,11,5,4,48.5,46.67,"Freemium"
524,"B",62.2,12,8,4,73.9,0,"Freemium"
525,"A",53.9,3,1,4,64.7,46.53,"Freemium"
526,"B",67.3,4,1,5,63.4,48.33,"Freemium"
527,"A",55.5,4,5,7,58.3,43.59,"Freemium"
528,"A",64.4,9,7,2,55.6,33.15,"Freemium"
529,"A",53.9,3,0,5,96.5,0,"Freemium"
530,"A",54.3,11,3,7,61.4,0,"Freemium"
531,"B",60.2,10,5,3,46.3,0,"Freemium"
532,"B",63.6,14,11,7,63.5,59.29,"Freemium"
533,"B",64.3,15,10,4,66.5,0,"Freemium"
534,"A",31.9,6,1,4,91.7,48.15,"Freemium"
535,"A",41.4,14,3,4,70,0,"Freemium"
536,"B",64.3,7,4,5,53,0,"Freemium"
537,"B",62.3,11,8,3,62.8,39.59,"Premium"
538,"B",53,8,4,4,97,29.81,"Freemium"
539,"B",45.1,9,3,7,51.5,0,"Freemium"
540,"A",51.5,7,7,6,65.9,0,"Freemium"
541,"A",61.5,7,7,5,72.6,0,"Freemium"
542,"A",72.7,8,4,2,55.4,0,"Freemium"
543,"B",64.6,15,7,6,67.8,0,"Freemium"
544,"B",79.9,16,9,4,54.4,0,"Freemium"
545,"B",65.8,11,5,2,73,0,"Freemium"
546,"A",56.2,2,1,6,74.5,0,"Freemium"
547,"A",58.2,5,1,2,89.3,0,"Freemium"
548,"B",56.3,11,5,9,97.6,0,"Freemium"
549,"B",64.5,13,8,4,92.6,0,"Freemium"
550,"A",64.1,8,8,3,64.7,0,"Freemium"
551,"B",57.5,8,4,8,84.2,0,"Freemium"
552,"A",51.8,5,4,3,67.7,0,"Freemium"
553,"B",53.5,9,6,4,81.9,43.17,"Freemium"
554,"B",68.5,15,8,5,74.9,0,"Freemium"
555,"B",69.2,11,6,8,67.5,0,"Freemium"
556,"A",61.5,7,4,5,71.5,47.61,"Freemium"
557,"B",52.8,7,4,6,55.9,0,"Freemium"
558,"B",66.1,8,4,7,53.7,0,"Freemium"
559,"B",55.6,6,1,4,77.6,0,"Freemium"
560,"B",65,14,6,5,90.3,0,"Freemium"
561,"A",68.4,9,7,3,51.4,31.36,"Freemium"
562,"B",60,11,5,4,46.6,37.38,"Freemium"
563,"B",72.2,17,8,8,63.1,0,"Premium"
564,"A",47.5,6,6,10,49.8,28.42,"Freemium"
565,"B",60.2,14,8,6,92.4,46.33,"Freemium"
566,"B",69.4,11,4,4,60.3,0,"Freemium"
567,"B",58.2,6,6,5,68.9,0,"Freemium"
568,"B",48,13,7,7,63.4,0,"Freemium"
569,"B",77.7,8,5,5,57.2,0,"Freemium"
570,"A",58.6,7,5,7,91.2,25.66,"Freemium"
571,"B",59.2,10,5,4,56.4,0,"Freemium"
572,"A",35.1,5,2,4,56,0,"Freemium"
573,"B",84,7,4,10,83.1,0,"Freemium"
574,"A",88.9,7,3,9,65.8,0,"Freemium"
575,"A",57.1,11,5,6,91.1,0,"Freemium"
576,"B",73.5,5,4,2,62.2,0,"Freemium"
577,"A",67.2,8,5,7,81,46.28,"Freemium"
578,"B",58,4,2,3,96.7,0,"Freemium"
579,"B",61.5,12,8,3,90.5,50.48,"Freemium"
580,"A",37.7,13,3,8,95.6,0,"Freemium"
581,"A",47.6,5,1,2,84.2,55.24,"Freemium"
582,"B",71.2,12,6,2,48.7,57.99,"Freemium"
583,"A",52.1,7,3,10,67.2,46.56,"Freemium"
584,"A",52.9,10,7,6,80.1,0,"Freemium"
585,"B",63.9,9,4,5,67.9,0,"Freemium"
586,"A",36.4,7,1,5,45.8,0,"Freemium"
587,"A",63.4,9,5,4,59.5,0,"Freemium"
588,"B",50.6,8,2,7,52.2,0,"Freemium"
589,"B",62.9,9,6,5,96.1,0,"Freemium"
590,"A",50.6,12,3,7,56.8,0,"Freemium"
591,"A",52.8,9,0,4,48.2,59.21,"Freemium"
592,"B",79.6,15,7,3,51.9,43.53,"Freemium"
593,"A",49.2,8,3,7,82.9,39.21,"Freemium"
594,"B",57.2,6,7,3,75.4,0,"Freemium"
595,"A",39.8,6,1,6,78.6,0,"Freemium"
596,"B",56.9,12,6,7,62.6,45.6,"Premium"
597,"A",43.3,14,8,11,61.7,0,"Freemium"
598,"A",59.1,5,4,7,77.2,0,"Freemium"
599,"B",56.4,9,4,2,85.5,0,"Freemium"
600,"B",68,10,8,3,93.4,0,"Freemium"
601,"B",63.5,7,1,4,64.1,0,"Freemium"
602,"B",50.7,8,6,2,92.8,0,"Freemium"
603,"B",57.1,14,8,6,83.9,0,"Freemium"
604,"A",63.9,8,2,3,41.1,39.21,"Freemium"
605,"A",64,6,3,9,73.1,47.95,"Freemium"
606,"A",75.1,8,7,5,64,0,"Freemium"
607,"A",55,7,2,3,69.8,0,"Freemium"
608,"B",50,13,5,5,81,0,"Freemium"
609,"A",47.3,11,8,5,78.2,31.24,"Freemium"
610,"B",69.1,9,4,11,92.7,0,"Freemium"
611,"A",74,5,2,4,88.4,0,"Freemium"
612,"A",56.1,11,7,6,57,0,"Freemium"
613,"B",76.4,11,6,2,72.1,0,"Freemium"
614,"A",62.7,9,4,4,73.1,44.58,"Freemium"
615,"B",53.3,15,10,3,52.1,48.41,"Freemium"
616,"B",63.3,15,7,4,96.9,0,"Freemium"
617,"B",78.1,9,6,2,49.1,0,"Freemium"
618,"A",63.8,9,6,4,74.7,38.88,"Freemium"
619,"B",69.6,8,3,1,52.4,0,"Freemium"
620,"B",69.8,16,13,4,98.2,49,"Freemium"
621,"B",60.1,9,4,5,85.3,0,"Freemium"
622,"B",51.8,7,0,3,40.8,45.71,"Freemium"
623,"B",78,8,4,5,79.2,0,"Freemium"
624,"B",50.8,9,5,5,98.7,40.29,"Freemium"
625,"B",55.6,11,8,7,49.7,0,"Freemium"
626,"A",61.3,11,7,0,40.5,47.94,"Premium"
627,"A",42.4,6,2,8,59.8,42.99,"Freemium"
628,"A",49.5,7,8,2,92.3,0,"Freemium"
629,"A",43.2,5,6,1,67.7,60.94,"Freemium"
630,"A",61.2,6,2,7,91.4,0,"Freemium"
631,"A",59.5,9,1,4,94.1,0,"Freemium"
632,"B",69.2,17,7,5,61.1,0,"Freemium"
633,"A",59.4,9,6,3,98.2,41.92,"Freemium"
634,"B",70.6,10,4,6,62.2,0,"Freemium"
635,"A",61.4,14,9,5,96.3,0,"Freemium"
636,"A",35.3,11,3,4,78.3,0,"Freemium"
637,"A",53.5,14,5,7,79,0,"Freemium"
638,"B",66.1,10,6,8,74,0,"Freemium"
639,"B",72.2,12,6,6,95.2,0,"Freemium"
640,"B",53.1,10,4,4,75.7,0,"Freemium"
641,"B",60,9,4,5,53.6,0,"Freemium"
642,"B",54.3,10,4,6,94.3,0,"Freemium"
643,"A",65.6,9,1,4,96.8,0,"Freemium"
644,"B",77.8,15,5,5,75.4,0,"Freemium"
645,"B",72.9,8,5,5,66.7,0,"Freemium"
646,"A",42.8,7,5,6,41.2,0,"Freemium"
647,"A",59.5,7,9,7,49.8,0,"Freemium"
648,"B",76.5,9,2,4,79.7,0,"Freemium"
649,"A",56.7,7,3,7,40.8,43.4,"Freemium"
650,"B",59.3,8,4,8,62.4,0,"Freemium"
651,"A",44.1,9,6,6,86.5,0,"Freemium"
652,"A",48.3,5,0,4,88,46.32,"Freemium"
653,"A",62.1,5,3,8,46.1,0,"Freemium"
654,"A",50.7,4,0,12,51.4,0,"Freemium"
655,"B",67.3,5,3,5,56.9,0,"Freemium"
656,"B",77.9,12,3,4,64.1,40.63,"Freemium"
657,"B",70.8,11,4,8,72.7,0,"Freemium"
658,"B",78.6,11,4,5,43.7,0,"Freemium"
659,"A",38,5,3,3,84.8,33.59,"Freemium"
660,"B",62.2,12,8,4,44.1,0,"Freemium"
661,"A",55.7,7,2,5,86.2,47.23,"Premium"
662,"A",60.8,9,3,7,42.4,0,"Freemium"
663,"B",53.3,10,5,1,60.6,0,"Freemium"
664,"A",63.1,7,3,5,70.6,36.95,"Freemium"
665,"A",58.1,7,4,6,66.2,24.66,"Freemium"
666,"A",57.6,6,2,6,40.2,0,"Freemium"
667,"A",60.1,4,1,1,56.2,0,"Freemium"
668,"A",53.8,10,4,6,93.7,0,"Freemium"
669,"B",74.3,13,6,4,76.9,0,"Freemium"
670,"B",71.5,6,3,3,55.5,0,"Freemium"
671,"B",63.5,6,4,5,72.9,0,"Freemium"
672,"A",65.4,7,4,7,70.4,41.86,"Freemium"
673,"A",57.9,7,4,6,86.8,0,"Freemium"
674,"A",61.7,7,2,2,93.1,0,"Freemium"
675,"B",59.1,6,3,4,52.1,46,"Freemium"
676,"B",80.8,7,4,5,77.1,0,"Freemium"
677,"B",65,5,0,4,44,0,"Freemium"
678,"B",73.5,10,3,7,79.8,0,"Freemium"
679,"A",54,8,3,5,97.5,59.36,"Freemium"
680,"B",62.2,13,7,2,55.7,0,"Freemium"
681,"A",62.8,16,4,4,44.6,42.66,"Freemium"
682,"A",39.2,10,8,4,45.9,36.77,"Premium"
683,"A",59.8,6,4,6,68.3,38.89,"Freemium"
684,"B",68.9,12,7,4,84.4,0,"Freemium"
685,"A",28,3,2,6,44.1,37.36,"Freemium"
686,"B",68.7,10,5,1,65.2,0,"Freemium"
687,"B",43.3,18,4,2,75.6,0,"Freemium"
688,"A",61.6,2,1,4,70,0,"Freemium"
689,"B",60.5,19,9,4,62.1,45.06,"Freemium"
690,"A",48.1,6,1,8,52.3,0,"Freemium"
691,"B",64.9,18,11,8,46.3,43.54,"Freemium"
692,"A",68.7,6,0,2,57.3,0,"Freemium"
693,"A",48.6,6,2,4,46.3,0,"Freemium"
694,"B",70.6,5,1,3,40.7,47.87,"Freemium"
695,"B",68.4,12,5,4,55.8,0,"Freemium"
696,"B",53.2,11,8,4,43,0,"Freemium"
697,"B",47.6,9,4,7,74.7,35.61,"Freemium"
698,"B",45.1,7,3,5,43.5,0,"Freemium"
699,"B",70.5,4,5,2,63.9,0,"Freemium"
700,"B",64.7,12,9,5,65.7,0,"Freemium"
701,"B",83.5,9,4,4,50.5,56.37,"Freemium"
702,"A",60.7,10,4,5,48.6,0,"Freemium"
703,"A",63.5,7,4,3,67,42.97,"Premium"
704,"A",68.3,15,8,4,79.1,0,"Freemium"
705,"B",60,7,6,2,50.1,0,"Freemium"
706,"A",60.1,6,1,11,70.8,0,"Freemium"
707,"A",63.7,11,5,4,54,0,"Freemium"
708,"A",68.7,9,5,4,58.5,0,"Freemium"
709,"B",72.6,10,3,5,43.5,0,"Freemium"
710,"B",69.2,10,2,2,43.3,0,"Freemium"
711,"A",46.3,8,0,3,58.9,41.43,"Freemium"
712,"B",72.3,9,4,2,55.1,0,"Freemium"
713,"A",60,9,4,5,48.3,0,"Freemium"
714,"B",71.3,9,4,4,88.8,0,"Freemium"
715,"A",59.2,8,4,6,82.6,53.89,"Freemium"
716,"B",63,13,3,4,81,0,"Freemium"
717,"B",64.2,9,6,5,99,0,"Freemium"
718,"B",71.9,8,4,7,62.7,0,"Freemium"
719,"A",56.7,8,3,4,88.9,0,"Freemium"
720,"A",46.7,10,4,4,40.7,0,"Freemium"
721,"B",62.1,10,7,3,60,0,"Freemium"
722,"B",51.8,15,7,5,58.8,0,"Freemium"
723,"B",55.3,6,7,6,86.5,0,"Freemium"
724,"B",63.6,9,7,2,40.1,0,"Freemium"
725,"B",47,8,3,7,86.4,0,"Freemium"
726,"A",38.1,3,1,4,97.7,0,"Freemium"
727,"A",66,3,3,4,90.4,54.59,"Freemium"
728,"B",59.2,8,4,4,70.8,0,"Freemium"
729,"A",36.5,3,3,3,96.1,44.53,"Freemium"
730,"B",63.9,12,4,2,93.8,38.04,"Freemium"
731,"A",68.2,9,5,1,60,0,"Freemium"
732,"A",61.6,4,2,3,65.9,0,"Freemium"
733,"A",59.4,9,6,3,83.7,0,"Freemium"
734,"A",66.8,10,6,3,98.9,0,"Freemium"
735,"A",47.3,7,3,3,72.4,0,"Freemium"
736,"B",72.3,9,4,7,51.1,0,"Freemium"
737,"B",59.1,9,5,8,44.7,33.95,"Freemium"
738,"A",55,10,4,6,87.9,61.06,"Freemium"
739,"B",87.1,9,5,5,64.5,0,"Freemium"
740,"A",64.7,10,2,6,69.7,42.57,"Freemium"
741,"A",62.7,7,3,6,72.2,0,"Freemium"
742,"A",43.9,10,7,8,86,0,"Freemium"
743,"B",57.1,8,4,5,52,0,"Freemium"
744,"A",77.8,9,7,4,45.6,0,"Freemium"
745,"A",44.1,7,4,3,89.3,45.12,"Freemium"
746,"A",57.1,9,6,8,99.2,39.02,"Freemium"
747,"A",63.9,7,4,6,90.4,0,"Freemium"
748,"B",75.2,11,4,4,77.1,0,"Freemium"
749,"A",65.9,12,8,3,96.6,44.13,"Freemium"
750,"B",63.4,14,9,8,58.6,0,"Freemium"
751,"B",56.8,7,2,6,98.9,0,"Freemium"
752,"B",61.9,6,3,2,47.1,37.47,"Freemium"
753,"A",46,4,5,3,64.4,0,"Freemium"
754,"A",61.3,9,5,4,43.8,0,"Freemium"
755,"A",66.2,5,4,7,69.9,0,"Freemium"
756,"B",86.3,7,6,7,42.1,0,"Freemium"
757,"B",68.7,11,6,9,84.6,0,"Freemium"
758,"A",46.3,11,2,9,42.6,0,"Freemium"
759,"B",75.2,7,3,2,54,56.06,"Freemium"
760,"A",64,12,8,5,71,31.34,"Freemium"
761,"B",62.6,4,0,3,97.3,0,"Freemium"
762,"A",39.4,4,1,4,92.1,0,"Freemium"
763,"B",72.6,16,7,7,67.2,0,"Freemium"
764,"B",76.3,10,0,6,78.3,32.2,"Freemium"
765,"B",62,8,6,9,71.7,45.26,"Freemium"
766,"B",70.4,10,3,5,41.6,0,"Freemium"
767,"B",62.2,14,4,4,54,0,"Freemium"
768,"B",71.8,8,3,5,72.1,54.71,"Freemium"
769,"B",63.8,5,1,3,95.1,33.56,"Freemium"
770,"B",61.6,6,4,5,96,44.14,"Freemium"
771,"A",56.1,6,0,6,62.4,0,"Freemium"
772,"A",52.2,11,3,7,90.7,0,"Freemium"
773,"B",59.1,9,3,8,72.8,0,"Freemium"
774,"A",51.8,12,6,3,98,0,"Freemium"
775,"A",54.9,6,5,4,79.8,0,"Freemium"
776,"B",67.1,12,5,4,79.8,0,"Freemium"
777,"A",70.3,6,4,5,97,0,"Freemium"
778,"A",41.4,3,4,6,40,0,"Freemium"
779,"B",63,9,1,4,94.3,0,"Freemium"
780,"B",71.3,10,5,1,84.4,0,"Freemium"
781,"A",72.6,6,5,7,89,0,"Freemium"
782,"A",59.3,8,4,8,75.1,0,"Freemium"
783,"A",54.9,7,5,5,61.3,0,"Freemium"
784,"A",51.9,5,2,3,42.6,0,"Freemium"
785,"A",59.1,5,4,7,76.2,0,"Freemium"
786,"A",64.9,11,6,3,66.9,0,"Freemium"
787,"B",63.2,9,4,5,95,0,"Freemium"
788,"B",66.6,13,7,5,55,46.98,"Freemium"
789,"B",67.2,11,5,5,75.5,0,"Freemium"
790,"B",72.3,10,8,11,59.7,73.75,"Freemium"
791,"A",66.1,12,8,7,59.2,0,"Freemium"
792,"B",67.8,12,7,3,80.9,0,"Freemium"
793,"A",54.2,6,2,3,96.7,0,"Freemium"
794,"B",78.9,16,7,2,56.6,0,"Freemium"
795,"A",56.6,3,0,6,86.7,55.17,"Freemium"
796,"A",70.8,4,1,5,55.4,42.43,"Freemium"
797,"A",54.4,5,2,2,90.6,39.66,"Freemium"
798,"B",71.1,17,9,8,44.4,0,"Freemium"
799,"B",49.5,10,9,6,82.8,39.64,"Freemium"
800,"B",63.9,8,6,4,74.1,0,"Freemium"
801,"A",54.8,10,4,7,48.2,0,"Freemium"
802,"A",47.4,7,6,6,82.6,0,"Freemium"
803,"B",54.6,13,4,5,65.4,0,"Freemium"
804,"B",74.5,9,2,8,83,49.44,"Freemium"
805,"A",64.1,7,1,6,67.4,42.57,"Freemium"
806,"A",42,9,4,2,93,0,"Freemium"
807,"A",59.2,10,1,6,98.4,0,"Freemium"
808,"A",43.9,5,5,6,40.5,0,"Freemium"
809,"A",44.5,8,5,2,63.5,0,"Freemium"
810,"A",60.3,7,6,4,70.8,0,"Freemium"
811,"A",48.1,10,5,5,55.4,45.23,"Freemium"
812,"A",64.9,7,6,5,45.5,47.26,"Freemium"
813,"A",55.4,7,4,6,45.1,0,"Freemium"
814,"A",60.4,10,7,11,83.7,0,"Freemium"
815,"B",59.8,7,2,6,53.7,0,"Freemium"
816,"A",43.5,7,2,5,71.9,0,"Freemium"
817,"B",74.1,14,8,4,70.9,0,"Freemium"
818,"A",57.4,8,2,7,48.6,48.37,"Freemium"
819,"B",62.6,11,9,4,57.7,0,"Freemium"
820,"B",65.7,11,6,3,61.2,0,"Freemium"
821,"A",68.3,9,6,3,96.4,0,"Freemium"
822,"B",58,7,4,6,95.2,0,"Freemium"
823,"B",57.5,14,10,2,58,0,"Freemium"
824,"A",48.8,8,3,5,57.6,39.25,"Freemium"
825,"A",39.2,7,3,4,54.6,0,"Freemium"
826,"B",73.2,10,5,4,42.5,0,"Freemium"
827,"B",66.9,16,8,6,49.3,47.42,"Freemium"
828,"A",57.1,6,3,6,91.7,39.8,"Freemium"
829,"B",64.6,12,5,11,88.6,35.56,"Freemium"
830,"A",49.9,9,6,2,92.7,0,"Freemium"
831,"B",56.8,8,4,3,89.8,0,"Freemium"
832,"B",73.5,15,7,8,56.3,0,"Freemium"
833,"B",50.7,7,4,2,44.9,0,"Freemium"
834,"A",59.4,8,2,11,97.1,0,"Freemium"
835,"A",47.1,11,6,11,46.1,0,"Freemium"
836,"B",67.8,17,8,4,66,0,"Freemium"
837,"B",57.6,10,5,8,89.2,0,"Freemium"
838,"B",59.8,10,5,6,46.1,0,"Freemium"
839,"A",72.7,14,8,5,97.6,26.24,"Freemium"
840,"A",61.7,11,6,10,62.8,0,"Freemium"
841,"B",43.6,18,10,7,52.7,0,"Freemium"
842,"A",56.3,13,8,3,76,26.85,"Freemium"
843,"B",60.5,9,3,6,42.9,0,"Freemium"
844,"B",53.6,9,4,5,82.8,0,"Freemium"
845,"B",67.1,15,8,5,73,0,"Freemium"
846,"B",66.3,8,2,11,79,33.81,"Freemium"
847,"A",51.7,14,9,8,94.8,40.41,"Freemium"
848,"B",84.7,10,5,3,93.5,0,"Freemium"
849,"B",42.5,5,2,5,53.2,0,"Freemium"
850,"A",63.4,9,3,7,75.5,0,"Freemium"
851,"A",52.1,6,5,6,47,0,"Freemium"
852,"B",71.6,8,5,6,81.8,0,"Freemium"
853,"B",60.5,9,5,8,95.3,0,"Freemium"
854,"A",49.1,12,5,4,90.8,46.39,"Freemium"
855,"A",37.9,11,4,2,59.2,0,"Freemium"
856,"A",52.9,13,5,6,66,0,"Freemium"
857,"A",79.8,7,7,2,56,18.22,"Freemium"
858,"A",64.9,4,2,4,52.9,0,"Freemium"
859,"A",71.8,6,7,8,70.4,40.03,"Freemium"
860,"A",64.1,19,10,7,63.3,0,"Freemium"
861,"A",66.4,7,5,7,65.2,0,"Freemium"
862,"A",64,16,6,4,45.5,0,"Freemium"
863,"A",59.8,9,7,6,80.7,0,"Freemium"
864,"B",59.2,8,3,1,71.2,0,"Freemium"
865,"A",49.7,8,5,4,93.1,0,"Freemium"
866,"A",39,10,2,7,81.6,0,"Freemium"
867,"A",54.9,6,4,6,51.1,38.88,"Freemium"
868,"B",74,15,8,8,48.9,0,"Freemium"
869,"B",75.3,6,2,2,43,0,"Freemium"
870,"B",66,10,3,5,51.5,0,"Freemium"
871,"B",59.5,10,3,4,93.6,37.17,"Freemium"
872,"B",97.9,14,9,3,48,45.87,"Freemium"
873,"B",72.4,15,9,3,99.1,0,"Freemium"
874,"B",79.2,18,7,4,69,30.22,"Freemium"
875,"B",61.6,8,4,11,62.2,40.93,"Freemium"
876,"A",54.6,11,7,2,95.3,50.33,"Freemium"
877,"A",59.5,12,3,3,89.6,48.54,"Freemium"
878,"B",81.8,12,6,2,55.8,0,"Freemium"
879,"B",61.9,9,5,3,68.2,0,"Freemium"
880,"A",63.5,7,4,8,55.9,0,"Freemium"
881,"B",44.1,10,3,3,47.3,0,"Freemium"
882,"A",49.9,10,4,1,69.4,0,"Freemium"
883,"A",42.1,6,4,1,68.9,0,"Freemium"
884,"A",66.1,11,6,6,49.9,0,"Freemium"
885,"A",53.4,16,10,5,90.5,0,"Freemium"
886,"A",51.1,5,4,4,90.7,46.82,"Freemium"
887,"A",68.7,8,4,7,87.9,0,"Freemium"
888,"B",76.2,11,9,2,62.9,0,"Freemium"
889,"B",56,12,6,5,79.8,0,"Freemium"
890,"A",59.3,12,7,4,92.3,0,"Freemium"
891,"A",42.7,10,6,10,74.1,0,"Freemium"
892,"B",60.2,8,2,4,84.3,0,"Freemium"
893,"B",81.2,15,8,1,80.9,0,"Freemium"
894,"A",69.5,6,2,8,87.2,0,"Freemium"
895,"A",66.1,6,3,5,73.1,0,"Freemium"
896,"A",49.3,7,3,11,44.2,0,"Freemium"
897,"B",46.2,4,1,4,59.6,0,"Freemium"
898,"A",43.2,9,2,9,42.8,46.09,"Freemium"
899,"A",64.5,7,2,9,87.4,0,"Freemium"
900,"B",62.1,8,0,9,71.4,44.69,"Freemium"
901,"B",43.4,8,5,5,79.7,0,"Freemium"
902,"B",63.2,10,5,9,61.6,0,"Freemium"
903,"A",69.1,8,5,3,99,0,"Freemium"
904,"A",61.4,9,5,7,62,0,"Freemium"
905,"B",56.8,7,2,6,75.8,0,"Freemium"
906,"B",49.5,12,5,4,67.6,0,"Freemium"
907,"B",56.7,8,1,5,74.3,0,"Freemium"
908,"A",55.3,13,5,5,96.7,61.03,"Premium"
909,"A",63.9,7,8,5,94.5,37.42,"Premium"
910,"B",45.6,10,6,2,59.3,0,"Freemium"
911,"B",75.2,20,8,2,46.1,0,"Freemium"
912,"A",55.1,6,1,3,56.1,0,"Freemium"
913,"A",60.7,6,2,6,90,48.48,"Freemium"
914,"A",38.5,4,3,3,96.9,0,"Freemium"
915,"B",58.3,7,4,9,46.8,46.74,"Freemium"
916,"B",60.5,11,4,3,75.3,0,"Premium"
917,"A",65.4,4,1,4,91.2,0,"Freemium"
918,"A",65.3,10,6,8,75.7,0,"Freemium"
919,"B",69.4,8,5,7,82,0,"Freemium"
920,"A",71,11,11,6,45.9,0,"Freemium"
921,"A",49.8,2,1,8,81.5,58.76,"Freemium"
922,"B",75.1,9,4,5,86.4,0,"Freemium"
923,"A",54.6,8,5,7,42.3,0,"Freemium"
924,"B",58.3,16,7,5,92.7,44.9,"Premium"
925,"A",64.2,11,7,3,47.4,0,"Freemium"
926,"A",68.8,10,2,7,85.7,0,"Freemium"
927,"B",73.8,10,5,0,98.5,50.15,"Freemium"
928,"B",59.9,9,1,7,47.5,0,"Freemium"
929,"A",50.3,8,5,7,69.7,0,"Freemium"
930,"B",78.8,5,2,3,95.6,0,"Freemium"
931,"B",68.5,10,8,4,42.9,0,"Freemium"
932,"B",73.3,7,1,1,63,0,"Freemium"
933,"B",61.6,19,7,5,65.2,0,"Freemium"
934,"B",77.6,10,8,2,98,0,"Freemium"
935,"B",56.9,12,6,5,62.2,0,"Freemium"
936,"B",71.3,12,2,4,80.7,0,"Freemium"
937,"A",46.8,9,6,5,98,0,"Freemium"
938,"A",30.4,10,3,5,79.7,41.56,"Freemium"
939,"B",51.6,11,6,2,70.6,46.61,"Freemium"
940,"A",56.4,6,5,9,98.7,35.49,"Freemium"
941,"B",73.8,5,2,5,98.3,0,"Freemium"
942,"B",47.5,9,6,6,93.2,43.97,"Freemium"
943,"A",42.5,9,8,4,78.1,0,"Freemium"
944,"A",72.6,3,0,6,80.6,52.77,"Freemium"
945,"B",60.7,7,2,6,47.6,0,"Freemium"
946,"A",60.1,6,4,7,53,0,"Freemium"
947,"B",59.7,8,4,1,76.7,0,"Freemium"
948,"B",62,9,5,5,89,0,"Freemium"
949,"A",55.9,4,3,2,59.8,0,"Freemium"
950,"A",55.1,12,6,3,86.7,0,"Freemium"
951,"A",53.1,8,5,5,86.5,0,"Freemium"
952,"B",60.3,13,4,3,58.2,0,"Freemium"
953,"A",24.5,10,6,5,74.9,0,"Freemium"
954,"B",83.7,10,9,2,64.8,0,"Freemium"
955,"B",82.9,10,5,4,62.7,0,"Freemium"
956,"B",54,10,4,2,63.5,0,"Freemium"
957,"A",53.3,10,6,8,98.2,0,"Freemium"
958,"A",68.8,5,5,2,43,35.82,"Freemium"
959,"A",65,7,3,4,47.4,0,"Freemium"
960,"A",67.8,10,6,7,85.1,0,"Freemium"
961,"A",44.3,4,1,4,46.3,0,"Freemium"
962,"A",80.8,9,3,2,44.1,36.3,"Freemium"
963,"A",43.7,9,4,3,53.7,0,"Freemium"
964,"B",72.5,13,9,6,78.1,0,"Freemium"
965,"B",66.4,8,7,4,62.5,0,"Freemium"
966,"B",61,8,2,11,43.7,0,"Freemium"
967,"A",51.2,9,5,8,47.3,0,"Freemium"
968,"A",45.1,6,4,4,89.8,0,"Freemium"
969,"A",71.2,9,2,9,86.3,0,"Premium"
970,"A",55.9,4,3,4,87.7,0,"Freemium"
971,"B",67.6,14,6,9,54.8,37.15,"Freemium"
972,"A",57.1,9,1,7,98.2,37.62,"Freemium"
973,"B",61.2,15,9,3,64.8,0,"Freemium"
974,"B",53.7,12,5,5,47.1,0,"Freemium"
975,"A",57.5,6,0,7,52.8,28.12,"Freemium"
976,"A",34.1,6,7,3,89.8,0,"Freemium"
977,"B",50.8,7,5,2,84.6,0,"Freemium"
978,"A",44.2,5,5,2,64.9,44.27,"Freemium"
979,"B",54.2,13,7,3,90.6,0,"Freemium"
980,"A",56.1,8,1,5,75.1,0,"Freemium"
981,"B",81,4,1,6,73.6,0,"Freemium"
982,"B",49.8,15,5,4,60.4,0,"Freemium"
983,"B",69.3,9,4,10,87.8,38.61,"Freemium"
984,"A",64,8,5,6,79.7,44.73,"Freemium"
985,"B",55.1,18,10,5,57.2,0,"Freemium"
986,"A",54.5,7,4,5,48,0,"Freemium"
987,"A",63.2,6,0,7,61.5,0,"Freemium"
988,"B",62.4,11,7,8,51,0,"Freemium"
989,"B",62.8,8,2,5,79.8,55.83,"Freemium"
990,"B",68.1,9,0,6,87.6,0,"Freemium"
991,"A",54.4,10,2,5,83.7,35.4,"Freemium"
992,"B",59.4,13,8,8,40.1,0,"Premium"
993,"A",53.6,4,3,6,43.8,0,"Freemium"
994,"B",83.8,10,3,5,63.6,0,"Freemium"
995,"A",63.7,3,6,9,92.5,53.34,"Freemium"
996,"A",45.9,5,4,7,59.7,0,"Freemium"
997,"B",52.6,11,7,3,56.1,0,"Freemium"
998,"B",61.4,17,8,4,86.3,0,"Freemium"
999,"B",78.3,12,4,4,64.4,0,"Freemium"
1000,"B",67.9,18,6,4,80,43.26,"Freemium"
1001,"A",48,14,6,6,69.4,0,"Freemium"
1002,"B",73.8,10,4,5,45.3,0,"Freemium"
1003,"B",63.7,11,4,5,46.3,0,"Freemium"
1004,"A",43.8,9,2,3,95.9,36.32,"Freemium"
1005,"B",69.6,2,3,2,86.2,0,"Freemium"
1006,"A",70.2,7,2,2,91.3,46.23,"Freemium"
1007,"A",59.3,9,5,5,65.2,0,"Freemium"
1008,"B",66.9,10,6,4,95.5,39.79,"Freemium"
1009,"B",58.4,11,6,6,71.6,0,"Freemium"
1010,"A",60.7,7,3,2,49.9,0,"Freemium"
1011,"A",44.3,9,6,4,60.2,39.21,"Freemium"
1012,"B",48.5,7,4,5,98.3,0,"Freemium"
1013,"B",64.6,14,9,5,81.1,0,"Premium"
1014,"A",54.7,6,3,7,93.2,0,"Freemium"
1015,"B",88.7,9,3,2,79.2,0,"Freemium"
1016,"A",42.8,6,6,3,92.6,0,"Freemium"
1017,"A",56.7,6,2,4,90.8,0,"Freemium"
1018,"A",63.1,10,5,5,46.8,0,"Freemium"
1019,"B",75.5,9,8,3,55.3,0,"Freemium"
1020,"B",64.9,11,6,2,68.4,0,"Freemium"
1021,"A",47.6,8,5,6,94.2,29.58,"Freemium"
1022,"A",54.3,9,0,7,74.5,34.37,"Freemium"
1023,"B",84.4,8,2,4,71,46.67,"Freemium"
1024,"A",59.8,12,4,4,45.1,0,"Freemium"
1025,"B",44.6,9,5,4,43.9,46.53,"Freemium"
1026,"B",79.2,9,6,9,65.2,48.33,"Freemium"
1027,"B",70.4,8,1,7,54.5,43.59,"Freemium"
1028,"A",54.7,7,5,5,86.9,33.15,"Freemium"
1029,"A",54.8,7,10,5,82.9,0,"Freemium"
1030,"A",53.5,5,5,10,77.4,0,"Freemium"
1031,"B",67.6,5,1,10,48.1,0,"Freemium"
1032,"B",60,6,1,6,75.7,59.29,"Freemium"
1033,"B",67.8,5,1,1,41.9,0,"Freemium"
1034,"A",45.7,6,6,4,95.6,48.15,"Freemium"
1035,"B",67,10,5,7,63.8,0,"Freemium"
1036,"B",76.1,12,5,7,53.5,0,"Freemium"
1037,"A",60.1,8,6,5,81.7,39.59,"Freemium"
1038,"A",65.3,6,6,6,87.2,29.81,"Freemium"
1039,"A",44.1,7,2,2,89.9,0,"Freemium"
1040,"A",55.5,7,4,4,91.4,0,"Freemium"
1041,"A",61.2,9,3,5,43.8,0,"Freemium"
1042,"A",44.3,4,0,6,45.7,0,"Freemium"
1043,"A",70.7,9,7,5,84.6,0,"Freemium"
1044,"B",54.7,10,4,6,41.4,0,"Freemium"
1045,"B",66.6,11,7,4,57.7,0,"Freemium"
1046,"B",66.5,20,8,6,89.9,0,"Freemium"
1047,"B",66.2,11,6,5,50.9,0,"Freemium"
1048,"B",62.9,9,0,4,64.1,0,"Freemium"
1049,"A",59.5,8,2,8,57.9,0,"Freemium"
1050,"A",44.7,9,7,5,99.5,0,"Freemium"
1051,"B",52.1,16,7,6,67,0,"Freemium"
1052,"B",58.5,9,4,7,77.5,0,"Freemium"
1053,"B",64.4,6,1,3,70.3,43.17,"Freemium"
1054,"A",67.6,7,0,8,69.3,0,"Freemium"
1055,"B",80.9,9,4,3,66.3,0,"Freemium"
1056,"A",58.2,7,5,6,42.5,47.61,"Freemium"
1057,"B",68.8,7,2,1,52.1,0,"Freemium"
1058,"B",62.6,10,5,3,52.5,0,"Freemium"
1059,"B",65.5,10,8,6,76.1,0,"Freemium"
1060,"B",51,10,5,7,45,0,"Freemium"
1061,"B",67.9,3,1,4,76.3,31.36,"Freemium"
1062,"A",49.6,7,3,5,99.9,37.38,"Freemium"
1063,"A",58.3,10,5,6,74.9,0,"Freemium"
1064,"A",51.5,9,6,8,46,28.42,"Freemium"
1065,"B",58.4,10,4,5,63,46.33,"Premium"
1066,"B",62.8,12,7,2,84,0,"Freemium"
1067,"B",61.3,6,1,3,73.7,0,"Freemium"
1068,"A",65.9,5,3,3,94.6,0,"Freemium"
1069,"A",57.1,8,5,5,44.2,0,"Freemium"
1070,"A",59.3,7,1,6,62.4,25.66,"Freemium"
1071,"B",52.6,9,5,7,54.6,0,"Freemium"
1072,"A",70,13,7,2,73.4,0,"Freemium"
1073,"B",66.6,7,3,4,43.6,0,"Freemium"
1074,"A",46.4,11,5,12,48.4,0,"Freemium"
1075,"A",58.1,3,0,6,50.8,0,"Freemium"
1076,"B",73.7,14,9,3,69.9,0,"Freemium"
1077,"B",51.2,13,4,5,62.1,46.28,"Freemium"
1078,"A",71.9,16,9,6,61.5,0,"Freemium"
1079,"A",53.4,5,2,1,98.6,50.48,"Freemium"
1080,"B",76.2,12,4,2,53.5,0,"Freemium"
1081,"B",65.7,12,4,2,70.4,55.24,"Freemium"
1082,"A",51.7,14,5,10,83.5,57.99,"Freemium"
1083,"A",36.7,7,4,3,65,46.56,"Freemium"
1084,"A",44,7,3,7,52.1,0,"Freemium"
1085,"B",64.6,7,6,7,56.1,0,"Freemium"
1086,"A",63.3,9,4,4,43.7,0,"Freemium"
1087,"A",36.2,7,2,3,52.6,0,"Freemium"
1088,"A",68.8,4,1,5,87.7,0,"Freemium"
1089,"A",69,9,3,4,59.6,0,"Freemium"
1090,"B",53.6,4,2,3,74.8,0,"Freemium"
1091,"A",59.7,8,2,7,92.7,59.21,"Freemium"
1092,"B",54.7,8,4,2,43.1,43.53,"Freemium"
1093,"A",53.7,7,4,6,92.3,39.21,"Freemium"
1094,"B",74.3,13,3,3,54.4,0,"Freemium"
1095,"A",63.7,7,3,3,62.6,0,"Freemium"
1096,"B",56.5,10,6,3,88.2,45.6,"Freemium"
1097,"B",61.1,11,5,0,72.2,0,"Freemium"
1098,"A",45.2,7,1,8,49.6,0,"Freemium"
1099,"B",68.4,7,4,7,75.5,0,"Freemium"
1100,"B",49.4,13,6,6,86.8,0,"Freemium"
1101,"A",28.7,8,6,0,60.5,0,"Freemium"
1102,"A",69.7,4,3,4,62.3,0,"Freemium"
1103,"A",77.7,6,1,7,66.6,0,"Freemium"
1104,"A",50.4,11,7,4,44.7,39.21,"Freemium"
1105,"B",72.6,9,4,5,70.5,47.95,"Freemium"
1106,"B",64.9,7,5,7,80.9,0,"Freemium"
1107,"A",69.7,10,8,5,91.9,0,"Premium"
1108,"A",60.5,5,2,3,40.4,0,"Freemium"
1109,"A",57,5,4,5,72.7,31.24,"Freemium"
1110,"A",37,12,3,6,55.5,0,"Freemium"
1111,"B",75.8,6,2,7,87.4,0,"Freemium"
1112,"A",51.5,9,1,3,67.9,0,"Freemium"
1113,"B",51,10,5,11,97.4,0,"Freemium"
1114,"B",63,7,2,7,75.9,44.58,"Freemium"
1115,"B",63.7,9,1,6,58.1,48.41,"Freemium"
1116,"A",65.6,9,9,8,76.1,0,"Freemium"
1117,"B",53.3,10,6,9,86,0,"Freemium"
1118,"B",59.4,12,7,4,72.7,38.88,"Freemium"
1119,"B",79.9,16,8,7,56.8,0,"Freemium"
1120,"B",78.6,8,7,6,95,49,"Freemium"
1121,"A",66.6,11,5,4,41.7,0,"Freemium"
1122,"B",81.6,11,7,1,97.4,45.71,"Freemium"
1123,"A",57,10,5,3,45,0,"Freemium"
1124,"A",49.2,7,2,6,98,40.29,"Freemium"
1125,"B",70.6,13,5,5,70,0,"Freemium"
1126,"B",75.6,10,1,6,45.7,47.94,"Freemium"
1127,"A",79.1,10,5,8,88,42.99,"Freemium"
1128,"A",35.4,9,1,6,52.6,0,"Freemium"
1129,"A",57.7,7,3,4,73.4,60.94,"Freemium"
1130,"A",61.5,11,3,8,46.2,0,"Freemium"
1131,"A",54.5,8,4,5,82.8,0,"Freemium"
1132,"A",39.4,11,8,3,60.3,0,"Freemium"
1133,"A",62.4,8,6,4,98.6,41.92,"Freemium"
1134,"B",57.2,11,4,8,77.2,0,"Freemium"
1135,"B",70.1,8,0,4,43.3,0,"Freemium"
1136,"A",64.1,16,8,3,74.5,0,"Freemium"
1137,"A",67.8,6,1,3,97.3,0,"Freemium"
1138,"B",49.4,10,4,2,64.5,0,"Freemium"
1139,"A",65.8,15,8,3,87.3,0,"Freemium"
1140,"A",47.4,12,6,11,66.3,0,"Freemium"
1141,"A",42.1,8,9,6,82,0,"Freemium"
1142,"B",78.1,9,5,7,60.3,0,"Freemium"
1143,"A",66.5,11,8,1,66.4,0,"Freemium"
1144,"B",62.6,14,5,7,51.7,0,"Freemium"
1145,"B",72.6,13,6,10,80.6,0,"Freemium"
1146,"B",56.4,11,7,6,53.9,0,"Freemium"
1147,"B",63.5,19,11,5,96.2,0,"Freemium"
1148,"B",64.1,7,1,4,52.2,0,"Freemium"
1149,"B",62.2,12,5,6,75.9,43.4,"Freemium"
1150,"B",72.3,12,6,7,58.4,0,"Freemium"
1151,"A",70.4,6,3,6,96.3,0,"Freemium"
1152,"B",60.4,7,2,8,44.9,46.32,"Freemium"
1153,"A",54.7,14,5,6,80.7,0,"Freemium"
1154,"A",71.4,4,5,2,93.5,0,"Freemium"
1155,"B",61.7,11,7,6,65.5,0,"Freemium"
1156,"B",39,17,11,3,98.5,40.63,"Freemium"
1157,"A",60.1,9,5,8,69.8,0,"Freemium"
1158,"B",56.1,12,8,3,45.7,0,"Freemium"
1159,"A",45,10,6,3,91.5,33.59,"Freemium"
1160,"A",69.2,9,4,6,93.7,0,"Freemium"
1161,"B",89.5,2,0,10,45.9,47.23,"Premium"
1162,"B",54.6,3,1,1,72.7,0,"Freemium"
1163,"A",65.3,8,5,5,74.6,0,"Freemium"
1164,"B",64.1,7,5,4,70.6,36.95,"Freemium"
1165,"A",56.4,11,5,4,79,24.66,"Freemium"
1166,"B",77.2,11,4,2,71.4,0,"Premium"
1167,"A",57.1,8,6,8,89.4,0,"Freemium"
1168,"A",46.5,14,5,4,80.6,0,"Freemium"
1169,"B",60.3,11,5,5,44.4,0,"Freemium"
1170,"B",71.9,9,4,2,72.5,0,"Freemium"
1171,"B",41.6,3,3,3,61.4,0,"Freemium"
1172,"B",76,9,1,8,51.7,41.86,"Freemium"
1173,"B",49.3,7,5,0,84.2,0,"Freemium"
1174,"B",65.2,9,3,4,73.3,0,"Freemium"
1175,"B",63.1,9,4,5,45,46,"Freemium"
1176,"B",77.9,13,7,4,88.5,0,"Freemium"
1177,"B",66.9,11,5,7,96.1,0,"Freemium"
1178,"B",66,10,5,9,64.4,0,"Freemium"
1179,"A",62,9,3,3,50.4,59.36,"Freemium"
1180,"A",46.7,5,3,3,46.6,0,"Premium"
1181,"A",53,11,6,0,65,42.66,"Freemium"
1182,"A",66.8,7,3,2,43,36.77,"Freemium"
1183,"A",61.8,11,7,7,93,38.89,"Premium"
1184,"A",42.2,4,5,4,84,0,"Freemium"
1185,"A",61.4,4,3,4,91.8,37.36,"Premium"
1186,"B",51.2,6,5,3,68.5,0,"Freemium"
1187,"B",59,13,7,2,43,0,"Freemium"
1188,"B",77.1,8,6,6,56.6,0,"Freemium"
1189,"A",32.5,8,5,5,91.5,45.06,"Freemium"
1190,"A",37.2,6,2,4,75.4,0,"Freemium"
1191,"B",78,12,7,3,51.8,43.54,"Freemium"
1192,"B",56.9,12,7,2,54.6,0,"Freemium"
1193,"A",67.4,11,4,4,56,0,"Freemium"
1194,"B",63.3,8,4,4,68,47.87,"Freemium"
1195,"A",59.3,5,5,2,79.1,0,"Freemium"
1196,"A",63.1,5,1,6,76.8,0,"Freemium"
1197,"A",48.5,5,2,8,49.2,35.61,"Freemium"
1198,"B",62,7,3,2,41.2,0,"Freemium"
1199,"A",50.8,4,5,4,49.9,0,"Freemium"
1200,"A",83.2,4,0,7,49.7,0,"Freemium"
1201,"A",56.3,6,3,6,49.1,56.37,"Freemium"
1202,"B",69.7,6,2,6,45.6,0,"Freemium"
1203,"B",61.6,6,2,8,95.6,42.97,"Freemium"
1204,"A",52.6,9,9,9,46.5,0,"Freemium"
1205,"A",68.8,13,7,2,55.8,0,"Freemium"
1206,"A",51.6,12,8,4,96.4,0,"Freemium"
1207,"B",65.2,18,10,4,45.7,0,"Freemium"
1208,"A",58.8,10,7,6,92.9,0,"Freemium"
1209,"A",50.7,9,9,7,41.6,0,"Freemium"
1210,"A",74.6,7,4,3,86.7,0,"Freemium"
1211,"A",40.7,9,6,2,52.9,41.43,"Freemium"
1212,"A",75.1,5,5,4,61.3,0,"Freemium"
1213,"B",61.5,3,4,8,54.3,0,"Freemium"
1214,"A",68.6,6,9,3,92.9,0,"Freemium"
1215,"B",45,8,5,6,49.8,53.89,"Freemium"
1216,"A",64.6,8,4,7,46.7,0,"Freemium"
1217,"A",63.8,10,6,3,96.1,0,"Freemium"
1218,"B",52.3,11,8,2,41.4,0,"Freemium"
1219,"B",57.3,10,7,1,97.7,0,"Freemium"
1220,"B",66.9,9,5,6,40.1,0,"Premium"
1221,"B",76.4,10,6,2,86.3,0,"Premium"
1222,"B",57.3,6,5,3,75.4,0,"Freemium"
1223,"B",62.8,9,1,5,89.5,0,"Freemium"
1224,"B",80.7,16,11,3,70.9,0,"Freemium"
1225,"A",43.7,10,3,5,73.1,0,"Freemium"
1226,"A",64.5,13,7,8,52.9,0,"Freemium"
1227,"B",69.5,9,8,1,97,54.59,"Freemium"
1228,"B",53.9,18,9,5,81.3,0,"Freemium"
1229,"A",48.3,8,3,9,86.3,44.53,"Freemium"
1230,"B",72.8,11,5,6,71,38.04,"Freemium"
1231,"B",67.5,10,5,5,96.3,0,"Freemium"
1232,"A",69.3,11,3,5,62.9,0,"Freemium"
1233,"A",49,16,8,2,68.6,0,"Freemium"
1234,"B",47.9,9,4,6,93.9,0,"Freemium"
1235,"B",75.5,8,4,3,74.5,0,"Freemium"
1236,"B",58.9,9,5,8,95.5,0,"Freemium"
1237,"B",66.2,12,6,7,64.4,33.95,"Freemium"
1238,"B",82.2,9,4,5,91.1,61.06,"Premium"
1239,"B",62.5,12,5,4,90.6,0,"Freemium"
1240,"A",70.5,5,1,8,83.5,42.57,"Freemium"
1241,"A",44,8,3,8,56.2,0,"Freemium"
1242,"B",74.3,5,1,1,49.5,0,"Freemium"
1243,"B",67.5,14,6,3,81.7,0,"Freemium"
1244,"B",57.6,11,4,6,64.1,0,"Freemium"
1245,"A",42.2,10,6,6,60.1,45.12,"Freemium"
1246,"B",65.8,8,4,6,68.9,39.02,"Freemium"
1247,"A",57.6,1,3,7,48.7,0,"Freemium"
1248,"A",57.8,7,2,5,73.6,0,"Freemium"
1249,"A",60.4,9,6,3,62.7,44.13,"Freemium"
1250,"A",50.4,10,4,5,92.1,0,"Freemium"
1251,"B",59.9,7,4,6,84.8,0,"Freemium"
1252,"A",57.4,11,2,4,44.7,37.47,"Freemium"
1253,"A",49.6,12,4,3,60.7,0,"Freemium"
1254,"B",77.2,10,8,4,45.3,0,"Freemium"
1255,"A",56.7,10,7,9,50.8,0,"Freemium"
1256,"A",48.8,10,5,7,68.6,0,"Freemium"
1257,"A",36.9,11,5,6,69.4,0,"Freemium"
1258,"A",48.6,7,2,4,44.2,0,"Freemium"
1259,"A",75.5,11,5,6,73.2,56.06,"Freemium"
1260,"A",49.4,9,3,8,92.1,31.34,"Freemium"
1261,"A",46.6,7,2,6,60.4,0,"Freemium"
1262,"B",71.5,6,7,4,66,0,"Freemium"
1263,"B",69.4,5,4,3,56.9,0,"Freemium"
1264,"A",62.5,13,12,3,40.2,32.2,"Freemium"
1265,"A",52.2,4,4,6,67.2,45.26,"Freemium"
1266,"A",66.2,5,2,8,64.3,0,"Freemium"
1267,"A",43.3,7,4,9,83.8,0,"Freemium"
1268,"A",54.5,9,5,5,75,54.71,"Freemium"
1269,"A",48,7,6,4,97.3,33.56,"Freemium"
1270,"B",71.8,8,3,8,53.2,44.14,"Freemium"
1271,"A",56.3,9,8,8,58.3,0,"Freemium"
1272,"A",66.1,10,4,2,46.2,0,"Freemium"
1273,"A",75.6,7,3,3,56.3,0,"Freemium"
1274,"B",66.4,7,3,6,70.3,0,"Premium"
1275,"B",59.7,12,6,1,52,0,"Freemium"
1276,"B",56.8,12,10,4,93.4,0,"Freemium"
1277,"A",52.4,9,3,3,85.8,0,"Freemium"
1278,"B",64.3,11,7,10,58.9,0,"Freemium"
1279,"B",84.9,6,0,1,80.2,0,"Freemium"
1280,"A",43.7,9,2,8,92,0,"Freemium"
1281,"A",44.1,9,6,3,72.4,0,"Freemium"
1282,"B",60.9,10,3,6,95.2,0,"Freemium"
1283,"B",70.9,12,6,3,98.9,0,"Freemium"
1284,"B",73.2,12,4,4,46.2,0,"Premium"
1285,"B",55.9,12,5,4,62.6,0,"Freemium"
1286,"B",66.3,13,4,7,88.4,0,"Freemium"
1287,"B",64.6,11,5,2,53.2,0,"Freemium"
1288,"B",77,9,5,7,67.4,46.98,"Premium"
1289,"B",75.9,6,2,9,52.4,0,"Freemium"
1290,"A",51.9,8,0,2,75.8,73.75,"Freemium"
1291,"A",55.5,6,2,4,59.7,0,"Freemium"
1292,"B",71.5,15,3,8,97.6,0,"Freemium"
1293,"A",38.5,10,3,4,59.3,0,"Freemium"
1294,"B",61.9,8,5,7,90.2,0,"Freemium"
1295,"A",60.7,7,2,5,47.2,55.17,"Premium"
1296,"A",49.8,9,2,4,58.9,42.43,"Freemium"
1297,"B",64.4,6,5,8,72.1,39.66,"Freemium"
1298,"B",64.8,12,3,11,44,0,"Freemium"
1299,"A",47.8,10,3,6,56.4,39.64,"Freemium"
1300,"B",55.1,10,6,7,78.5,0,"Freemium"
1301,"A",53,7,0,6,75,0,"Freemium"
1302,"A",51.5,7,5,4,82.1,0,"Freemium"
1303,"B",73.3,13,7,2,65.1,0,"Freemium"
1304,"B",80.3,4,3,7,93.3,49.44,"Freemium"
1305,"B",64.9,13,9,5,64.9,42.57,"Freemium"
1306,"B",69,9,2,6,95.4,0,"Freemium"
1307,"B",64.3,6,3,2,84.3,0,"Freemium"
1308,"B",71,8,0,4,75.1,0,"Freemium"
1309,"A",57.2,8,6,8,80,0,"Freemium"
1310,"A",57.4,6,6,0,74,0,"Freemium"
1311,"B",76.1,12,9,7,58.6,45.23,"Premium"
1312,"A",45.1,5,2,4,80.2,47.26,"Freemium"
1313,"A",69.5,4,2,6,93.3,0,"Freemium"
1314,"B",68.5,8,3,5,91.6,0,"Freemium"
1315,"A",56.8,9,6,6,51.3,0,"Freemium"
1316,"A",49.4,8,3,7,74,0,"Freemium"
1317,"B",63.4,11,4,3,73.8,0,"Freemium"
1318,"A",58.7,10,6,6,60.9,48.37,"Freemium"
1319,"A",34.4,6,1,3,42.2,0,"Freemium"
1320,"B",59,13,6,5,48.8,0,"Freemium"
1321,"B",70.9,12,7,9,93.5,0,"Freemium"
1322,"A",52.1,5,6,9,70.3,0,"Freemium"
1323,"B",57,7,2,2,88.2,0,"Freemium"
1324,"B",58.6,8,2,5,69.6,39.25,"Freemium"
1325,"B",67.4,9,3,5,90,0,"Freemium"
1326,"A",38.7,11,9,3,70,0,"Freemium"
1327,"B",73.7,13,8,4,78.3,47.42,"Freemium"
1328,"B",43.3,8,5,4,60.8,39.8,"Freemium"
1329,"B",60,11,4,5,55.6,35.56,"Freemium"
1330,"B",57.1,11,3,4,56.6,0,"Freemium"
1331,"A",42.5,11,7,7,88.2,0,"Freemium"
1332,"A",44.2,5,6,4,89.4,0,"Freemium"
1333,"A",57.5,11,4,6,68.6,0,"Freemium"
1334,"A",53.8,7,2,1,66.6,0,"Freemium"
1335,"A",52,11,8,10,88.5,0,"Freemium"
1336,"B",41.8,15,11,6,96.4,0,"Freemium"
1337,"B",51.8,11,1,7,87.2,0,"Freemium"
1338,"A",53.7,5,3,7,53,0,"Freemium"
1339,"A",46.2,6,3,5,58,26.24,"Freemium"
1340,"B",57,6,4,3,42,0,"Freemium"
1341,"B",75.5,11,7,1,51.3,0,"Freemium"
1342,"A",56.8,9,4,6,66.2,26.85,"Freemium"
1343,"A",44.6,9,8,5,51.1,0,"Freemium"
1344,"B",60.3,5,0,4,89.1,0,"Freemium"
1345,"B",62.2,8,4,7,42.6,0,"Freemium"
1346,"A",48.2,11,5,4,66.3,33.81,"Freemium"
1347,"A",45.4,11,1,4,95.5,40.41,"Freemium"
1348,"A",54.5,7,11,6,43.4,0,"Freemium"
1349,"A",62.4,9,7,8,46.4,0,"Freemium"
1350,"A",57.3,8,6,6,56.8,0,"Freemium"
1351,"B",63,6,3,5,95.8,0,"Freemium"
1352,"B",68.9,9,6,4,69.1,0,"Freemium"
1353,"A",62.9,6,2,5,86,0,"Freemium"
1354,"A",53.6,4,1,3,94.2,46.39,"Freemium"
1355,"B",69.6,8,7,3,43.4,0,"Freemium"
1356,"A",43.5,5,4,6,92.2,0,"Freemium"
1357,"A",52.5,8,4,1,54.6,18.22,"Freemium"
1358,"A",50.8,9,5,3,87.5,0,"Freemium"
1359,"A",57,7,3,2,98.8,40.03,"Freemium"
1360,"A",58.6,12,8,3,80.9,0,"Freemium"
1361,"B",63.8,7,4,8,62.7,0,"Freemium"
1362,"B",57.3,12,5,8,52.5,0,"Freemium"
1363,"A",45.7,6,4,7,44.7,0,"Freemium"
1364,"A",57.8,8,3,5,87.5,0,"Premium"
1365,"A",68.6,7,4,6,78.7,0,"Freemium"
1366,"B",57.1,10,6,4,93.3,0,"Freemium"
1367,"B",61.2,15,8,3,89.2,38.88,"Freemium"
1368,"B",68.3,8,1,2,86.3,0,"Freemium"
1369,"A",49.5,9,4,6,86,0,"Freemium"
1370,"A",56.2,9,4,7,92.8,0,"Freemium"
1371,"B",64.5,15,7,4,58.7,37.17,"Freemium"
1372,"A",47.2,10,6,4,77.2,45.87,"Freemium"
1373,"B",73.3,9,6,8,83.5,0,"Freemium"
1374,"A",63.5,6,5,5,90.7,30.22,"Freemium"
1375,"A",65.2,7,3,7,94.5,40.93,"Freemium"
1376,"A",67.7,10,4,8,95.2,50.33,"Freemium"
1377,"B",59.9,11,4,4,46.3,48.54,"Freemium"
1378,"B",60.4,5,4,4,50,0,"Freemium"
1379,"A",57.6,4,3,2,71.6,0,"Freemium"
1380,"A",61.3,1,1,7,96.1,0,"Freemium"
1381,"A",51.6,5,4,13,61.6,0,"Freemium"
1382,"B",60.8,10,3,3,86.7,0,"Freemium"
1383,"A",48.8,13,7,6,48.5,0,"Freemium"
1384,"B",79.8,9,7,1,85.6,0,"Freemium"
1385,"B",39.9,9,4,6,44,0,"Freemium"
1386,"B",63.3,3,3,6,71.8,46.82,"Freemium"
1387,"A",55.4,7,2,4,47.3,0,"Freemium"
1388,"B",54.4,9,6,8,50.2,0,"Freemium"
1389,"B",68.9,14,7,6,63.3,0,"Freemium"
1390,"A",35.3,5,1,4,46.3,0,"Freemium"
1391,"A",64.5,9,4,6,49.9,0,"Freemium"
1392,"A",38.4,6,5,4,77.1,0,"Freemium"
1393,"A",33,6,1,6,44,0,"Freemium"
1394,"B",57.4,13,6,7,66.6,0,"Freemium"
1395,"A",56.6,7,2,5,81,0,"Freemium"
1396,"A",48.5,7,4,4,91.4,0,"Freemium"
1397,"A",49.4,8,5,3,62.2,0,"Freemium"
1398,"A",58.3,5,3,3,69.6,46.09,"Premium"
1399,"A",44.4,8,3,1,78.5,0,"Freemium"
1400,"B",64.1,11,2,3,61.3,44.69,"Freemium"
1401,"B",70,11,5,6,88.3,0,"Freemium"
1402,"A",71.3,8,6,4,96.1,0,"Freemium"
1403,"B",69.8,9,3,3,52.4,0,"Freemium"
1404,"B",82.1,8,8,2,63.7,0,"Freemium"
1405,"A",59.5,5,4,7,81.7,0,"Freemium"
1406,"A",55,12,6,7,55,0,"Premium"
1407,"A",32.4,14,10,3,49.4,0,"Freemium"
1408,"A",42.8,7,6,6,84.9,61.03,"Freemium"
1409,"B",61.8,10,4,2,55.1,37.42,"Freemium"
1410,"A",62.1,5,4,7,96,0,"Freemium"
1411,"B",61.8,13,9,5,43.8,0,"Freemium"
1412,"A",60.4,11,4,9,49.9,0,"Freemium"
1413,"A",44.4,9,5,6,87.2,48.48,"Freemium"
1414,"B",62.3,12,6,7,63.5,0,"Freemium"
1415,"B",67.2,10,3,7,43.7,46.74,"Freemium"
1416,"B",61.4,15,11,8,61.9,0,"Freemium"
1417,"B",66.1,6,3,6,50.7,0,"Freemium"
1418,"A",48.3,4,1,4,70.8,0,"Freemium"
1419,"B",68.7,15,9,5,59.2,0,"Freemium"
1420,"B",64.2,10,7,8,77.8,0,"Freemium"
1421,"B",64.5,11,7,4,90.1,58.76,"Freemium"
1422,"B",45.5,11,8,2,86,0,"Freemium"
1423,"A",48.3,11,0,4,61.1,0,"Freemium"
1424,"B",50.1,7,4,6,91.1,44.9,"Freemium"
1425,"B",48.9,12,6,9,58.1,0,"Freemium"
1426,"A",50.1,4,1,9,54,0,"Freemium"
1427,"B",63.4,14,9,4,95.1,50.15,"Freemium"
1428,"A",57.8,11,5,10,69.7,0,"Freemium"
1429,"A",65.9,6,1,4,49,0,"Freemium"
1430,"A",59.4,7,4,5,87.1,0,"Freemium"
1431,"A",65.1,7,4,5,75.2,0,"Freemium"
1432,"A",49.7,4,5,7,56.6,0,"Freemium"
1433,"B",61.9,10,3,3,63.8,0,"Freemium"
1434,"A",65.9,5,5,3,80.6,0,"Freemium"
1435,"B",65,15,8,3,99.6,0,"Freemium"
1436,"B",48.2,8,2,2,97.6,0,"Freemium"
1437,"A",46.5,14,8,6,75.7,0,"Freemium"
1438,"A",65.1,8,4,5,45.4,41.56,"Freemium"
1439,"B",58.9,4,3,2,98.8,46.61,"Freemium"
1440,"B",68.3,10,7,5,85.9,35.49,"Freemium"
1441,"A",55.1,4,4,3,63.1,0,"Freemium"
1442,"A",50,6,5,5,68.3,43.97,"Freemium"
1443,"A",51.5,4,0,7,47.7,0,"Freemium"
1444,"A",58.9,7,0,3,49.5,52.77,"Freemium"
1445,"A",57.1,5,3,8,53.9,0,"Freemium"
1446,"B",77.3,16,5,2,76.2,0,"Freemium"
1447,"A",53,3,1,2,65.6,0,"Freemium"
1448,"A",45.8,8,6,7,68.8,0,"Freemium"
1449,"A",56.7,6,6,6,76.7,0,"Freemium"
1450,"A",62.1,7,4,7,49.2,0,"Freemium"
1451,"B",87.8,6,3,6,49.8,0,"Freemium"
1452,"B",60.4,8,6,4,70.5,0,"Freemium"
1453,"B",61.7,5,1,5,57.7,0,"Freemium"
1454,"A",63.8,6,2,9,83.2,0,"Freemium"
1455,"B",77.8,6,1,4,51.1,0,"Freemium"
1456,"A",48.4,10,5,5,65.3,0,"Freemium"
1457,"A",61.6,12,5,4,78.4,0,"Freemium"
1458,"A",49.3,8,2,7,97.8,35.82,"Freemium"
1459,"A",45.4,9,3,10,74.3,0,"Freemium"
1460,"A",61.2,3,1,3,96.5,0,"Freemium"
1461,"B",66.1,14,7,7,45.4,0,"Freemium"
1462,"B",68.9,8,6,6,53.6,36.3,"Freemium"
1463,"A",49.2,4,1,7,52.4,0,"Freemium"
1464,"A",72.9,14,9,6,95,0,"Freemium"
1465,"B",71.7,13,10,5,51.7,0,"Freemium"
1466,"A",51.3,5,2,5,93.8,0,"Freemium"
1467,"B",72,9,6,7,69.7,0,"Freemium"
1468,"B",52.9,9,5,7,55.5,0,"Freemium"
1469,"B",63.6,7,4,7,69.3,0,"Freemium"
1470,"A",69,5,4,5,96.5,0,"Freemium"
1471,"A",53.1,14,11,6,94.6,37.15,"Freemium"
1472,"B",74.1,11,5,1,97.1,37.62,"Freemium"
1473,"A",52.8,8,6,3,92.1,0,"Freemium"
1474,"B",42,13,4,4,84.1,0,"Freemium"
1475,"A",46.2,5,2,4,61.9,28.12,"Freemium"
1476,"B",67.2,11,3,7,88.8,0,"Freemium"
1477,"A",69.5,7,6,1,66.5,0,"Premium"
1478,"A",49.1,10,4,1,49.3,44.27,"Freemium"
1479,"B",67.8,13,6,2,62.3,0,"Freemium"
1480,"B",55.4,9,4,2,98.1,0,"Freemium"
1481,"B",54.8,6,5,12,66.9,0,"Freemium"
1482,"B",57.2,14,3,5,56.6,0,"Freemium"
1483,"B",78.7,12,8,5,67.4,38.61,"Premium"
1484,"A",64.4,3,0,5,61.6,44.73,"Premium"
1485,"B",70.9,9,4,4,87.5,0,"Freemium"
1486,"A",66.2,8,4,8,81.7,0,"Freemium"
1487,"B",60.8,11,8,6,64.7,0,"Freemium"
1488,"A",62.6,8,3,5,72.5,0,"Freemium"
1489,"B",67.1,12,8,2,54.5,55.83,"Freemium"
1490,"A",44.5,10,5,6,97.2,0,"Freemium"
1491,"A",46.7,8,4,3,88.4,35.4,"Freemium"
1492,"B",65.5,11,4,5,53.9,0,"Freemium"
1493,"B",67.1,8,5,10,59.6,0,"Freemium"
1494,"A",51.8,8,6,7,57.7,0,"Freemium"
1495,"B",55,13,7,5,67.6,53.34,"Freemium"
1496,"A",34.1,7,3,7,76.2,0,"Freemium"
1497,"A",59.3,9,3,5,73.2,0,"Freemium"
1498,"A",52,3,2,2,82.8,0,"Freemium"
1499,"A",60.5,6,2,8,90.9,0,"Freemium"
1500,"B",49.5,11,3,3,99.9,43.26,"Freemium"
